id,name,genres,popularity,followers,is_rapper
5K4W6rqBFWDnAN6FQUkS6x,Kanye West,,,,0
5T0MSzX9RC5NA6gAI6irSn,Estelle,"neo soul, r&b",68.0,324460.0,0
3aQeKQSyrW4qWr35idm0cy,T-Pain,"dance pop, gangster rap, hip hop, pop rap, r&b, rap, southern hip hop, trap, urban contemporary",80.0,5148034.0,1
3nFkdlSjzX9mRTtwJOzDYB,JAY-Z,"east coast hip hop, gangster rap, hip hop, pop rap, rap",85.0,9630583.0,1
21E3waRsmPlU7jZsS13rcj,Ne-Yo,"dance pop, pop, r&b, urban contemporary",83.0,9354436.0,0
6GEykX11lQqp92UVOQQCC7,DJ Premier,"east coast hip hop, instrumental hip hop, jazz boom bap, turntablism",66.0,301668.0,0
1lE6SEy8f84Zhjvp7r8yTD,Syleena Johnson,"contemporary r&b, neo soul, r&b, urban contemporary",67.0,335230.0,0
4xPQFgDA5M2xa0ZGo5iIsv,¥$,,78.0,869517.0,0
0hCNtLu0JehylgoiP8L4Gh,Nicki Minaj,"hip pop, pop, queens hip hop, rap",87.0,32911312.0,1
15UsOTVnJzReFVN1VCnxy4,XXXTENTACION,"emo rap, miami hip hop, rap",89.0,47959826.0,1
4LEiUm1SRbFMgfqnQTwUbQ,Bon Iver,"chamber pop, eau claire indie, indie folk, melancholia, modern rock",78.0,3744677.0,0
1sBkRIssrMs1AbVkOJbc7a,Rick Ross,"dirty south rap, gangster rap, hip hop, rap, southern hip hop, trap",77.0,7429840.0,1
3wyVrVrFCkukjdVIdirGVY,Lil Pump,"emo rap, miami hip hop, pop rap, rap, trap",65.0,7627685.0,1
2HPaUgqeutzr3jx5a9WyDV,PARTYNEXTDOOR,"r&b, rap, urban contemporary",85.0,7705992.0,1
7u6LfVyYpEzMpHLL7jTyvU,Dwele,neo soul,69.0,301940.0,0
63wjoROpeh5f11Qm93UiJ1,Keri Hilson,"dance pop, hip pop, r&b, urban contemporary",71.0,2036321.0,0
4STHEaNw4mPZ2tzheohgXB,Paul McCartney,"classic rock, mellow gold, rock, soft rock",77.0,4982656.0,0
01QTIT5P1pFP3QnnFSdsJf,Lupe Fiasco,"chicago rap, conscious hip hop, hip hop, political hip hop, pop rap, rap, southern hip hop",68.0,1917959.0,1
0ONHkAv9pCAFxb0zJwDNTy,Pusha T,"gangster rap, hip hop, pop rap, rap, southern hip hop, trap, virginia hip hop",73.0,2974504.0,1
1cNDP5yjU5vjeR8qMf4grg,YNW Melly,"melodic rap, rap",75.0,11233843.0,1
7LnaAXbDVIL75IVPnndf7w,Jamie Foxx,"contemporary r&b, hip pop, pop rap, r&b, southern hip hop, trap, urban contemporary",70.0,1265788.0,1
7dGJo4pcD2V6oG8kP0tJRR,Eminem,"detroit hip hop, hip hop, rap",93.0,94319320.0,1
55Aa2cqylxrFIXC767Z865,Lil Wayne,"hip hop, new orleans rap, pop rap, rap, trap",88.0,15785042.0,1
7c0XG5cIJTrrAgEC3ULPiq,Ty Dolla $ign,"hip hop, pop rap, r&b, southern hip hop, trap, trap soul",84.0,5811872.0,1
0LQoZQIV0mIs0y0XQb0Sw2,Chris Martin,,66.0,59523.0,0
0huGjMyP507tBCARyzSkrv,Cordae,"hip hop, pop rap, rap, trap, underground hip hop",72.0,2066838.0,1
6vbY3hOaCAhC7VjucswgdS,Twista,"chicago rap, dirty south rap, gangster rap, trap",67.0,1142918.0,1
3TVXtAsR1Inumwj472S9r4,Drake,"canadian hip hop, canadian pop, hip hop, pop rap, rap",96.0,94100797.0,1
5pKCCKE2ajJHZ9KAiaK11H,Rihanna,"barbadian pop, pop, urban contemporary",92.0,64158553.0,0
1HRq8YjrdR6yJfQu5DEGjD,Erica Luttrell,,39.0,542.0,0
5y2Xq6xcjJb2jVM54GHK3t,John Legend,"neo soul, pop, pop soul, urban contemporary",78.0,7306106.0,0
14tvgpQJ9pJmUFn9l4Jh78,Toks Olagundoye,,29.0,23.0,0
1LhOhPJ3Z1uTaybvUVg2lC,FLANNEL ALBERT,"asian american hip hop, korean trap",23.0,4453.0,1
5AeUAb9bSIjCpxEzOKz3NE,蔣明希,,21.0,11.0,0
120Hnh6hOWiIpfL4WDo7nm,Jussie Smollett,,49.0,57506.0,0
7AdaaN0SN1NF24cTg9RPga,Sarah Stiles,,51.0,4380.0,0
1R3kmFH4Bl1hbEG9ulEE2d,仰昭光,,22.0,304.0,0
4mHAu7NX2UNsnGXjviBD9e,Brooks,"dutch house, edm, electro house, future house, pop dance, progressive electro house",56.0,320964.0,0
0oYI03YsJ5AbgdP6Kwxeos,Kate Micucci,,43.0,17836.0,0
6qgnBH6iDM91ipVXv28OMu,KAYTRANADA,"alternative r&b, escape room, indie soul, lgbtq+ hip hop",73.0,1597697.0,0
39AOKEst7bTMFXv8kaYbdp,NASHUP,,40.0,408.0,0
3kf0gOpxWtkyeMNJVDQPtd,Smoke DZA,"alternative hip hop, harlem hip hop, underground hip hop",49.0,288492.0,0
1CHLQfdcyjgUe7VEazdSYy,Uzo Aduba,,42.0,673.0,0
0ulZIID59tvIwcfTkiYLy5,Joi,,34.0,5404.0,0
0gYt4XG9A0hyZW7rt745ZY,謝春花,chinese minyao,29.0,14405.0,0
0yFeMot541QuRLduP9XAPO,Grace Rolek,,54.0,3785.0,0
29XOeO6KIWxGthejQqn793,Flying Lotus,"afrofuturism, alternative hip hop, electronica, escape room, experimental hip hop, glitch, glitch hop, indietronica, instrumental hip hop, intelligent dance music, jazztronica, psychedelic hip hop, wonky",56.0,797926.0,0
2fdHu3PmeJhUwSGdxrFvQb,Kardinal Offishall,,29.0,65.0,0
5qREdxFbfl8qWFRd6sZb1G,愛新覺羅媚,,22.0,75.0,0
4RcNXR3j50a6JCZcU06h6g,孟慧圓,,30.0,6527.0,0
4llnbzzKJYODaA1eagdwZI,駿聲,,21.0,72.0,0
1Clvxjfgh9W7cnhz8HKfGx,Jennifer Paz,,43.0,1533.0,0
4IJczjB0fJ04gs4uvP0Fli,Gym Class Heroes,"dance pop, pop rap",70.0,1549348.0,1
4rF7c8zpCKzuSXohs2HIpA,Steven Universe,pov: indie,69.0,1078199.0,0
3MBBCjjwCjbeikYXPswyZc,Michaela Dietz,,55.0,3552.0,0
3l0hDwENs000dFrxoLqUsj,陳意涵,chinese singer-songwriter,23.0,777.0,0
2GdXG4yRpZuHXxjA2flqmq,Mathew Moy,,29.0,28.0,0
0jnsk9HBra6NMjO2oANoPY,Flo Rida,"dance pop, miami hip hop, pop, pop rap",81.0,8740293.0,1
5ndkK3dpZLKtBklKjxNQwT,B.o.B,"atl hip hop, dance pop, pop rap, rap, southern hip hop",74.0,2132942.0,1
41TccBHnkaVhhgCgl83JU8,Kandi Girl,,47.0,1448.0,0
20apXQGKM00jJTvYfyKwlb,Maino,,49.0,199297.0,0
5xI4mPixKfrCCspATqbpy3,Eryn Allen Kane,"alternative r&b, neo soul",52.0,85220.0,0
2jku7tDXc6XoB6MO2hFuqg,Tory Lanez,"canadian hip hop, canadian trap, melodic rap, pop rap, r&b, rap, trap",82.0,7223093.0,1
5qK5bOC6wLtuLhG5KvU17c,Lil Mama,"hip pop, trap queen",49.0,97930.0,1
13saZpZnCDWOI9D4IJhp1f,Lily Allen,"dance pop, electropop, neo mellow",69.0,2086342.0,0
3crnzLy8R4lVwaigKEOz7V,E-40,"cali rap, gangster rap, hyphy, oakland hip hop, west coast rap",68.0,933618.0,1
5MbNzCW3qokGyoo9giHA3V,EARTHGANG,"atl hip hop, indie hip hop, psychedelic hip hop, rap, underground hip hop",64.0,880430.0,1
31HjiqargV4NAw4GZqUale,Ace Hood,"dirty south rap, miami hip hop, pop rap, rap, southern hip hop, trap",56.0,1853144.0,1
0TnOYISbd1XYRBk9myaseg,Pitbull,"dance pop, miami hip hop, pop",86.0,11044477.0,0
4Jl5W4ETxUCyEDgOEnqI4z,Teddy Verseti,,50.0,714.0,0
2mxe0TnaNL039ysAj51xPQ,R. Kelly,,69.0,2436931.0,0
6JL8zeS1NmiOftqZTRgdTz,Meghan Trainor,"hip pop, pop",81.0,15505069.0,0
7t7KCNFOwuMChaQg6L8I69,Jacob Latimore,pop r&b,43.0,207232.0,0
12PSlydMSjEHzSCj9X5qv7,Baby Bash,"chicano rap, latin hip hop, pop rap, southern hip hop, texas latin rap, urban contemporary",64.0,976744.0,1
0z4gvV4rjIZ9wHck67ucSV,Akon,dance pop,84.0,5171559.0,0
137W8MRPWKqSmrBGDBFSop,Wiz Khalifa,"hip hop, pittsburgh rap, pop rap, rap, southern hip hop, trap",83.0,11521075.0,1
1EpyA68dKpjf7jXmQL88Hy,Noname,"alternative r&b, chicago rap",53.0,752264.0,1
1HvYwEbfOUhm2F4g9nH0vP,Joey Galaxy,,49.0,1245.0,0
1YfEcTuGvBQ8xSD1f53UnK,Busta Rhymes,"east coast hip hop, hardcore hip hop, hip hop, pop rap, rap",73.0,2900133.0,1
1anyVhU62p31KFi8MEzkbf,Chance the Rapper,"chicago rap, conscious hip hop, hip hop, pop rap, rap, trap",75.0,6024739.0,1
3ipn9JLAPI5GUEo4y4jcoi,Ludacris,"atl hip hop, dance pop, dirty south rap, hip hop, old school atlanta hip hop, pop rap, rap, southern hip hop, trap",79.0,3162502.0,1
0eezS9KmhdjGN436RdTIXu,Mavado,"dancehall, jamaican dancehall, reggae fusion",57.0,637950.0,0
2h93pZq0e7k5yf4dywlkpM,Frank Ocean,"lgbtq+ hip hop, neo soul",89.0,16701308.0,0
6vWDO969PvNqNYHIOW5v0m,Beyoncé,"pop, r&b",87.0,39163338.0,0
1W3FSF1BLpY3hlVIgvenLz,The-Dream,"dirty south rap, hip pop, r&b, southern hip hop, trap, urban contemporary",66.0,1316252.0,1
1zV9UjTUevjp5VUddqIUUn,Mr Hudson,,60.0,30373.0,0
5me0Irg2ANcsgc93uaYrpb,The Notorious B.I.G.,"east coast hip hop, gangster rap, hardcore hip hop, hip hop, rap",79.0,11204163.0,1
6ZhjJOJXXwnPS8PrXdmjLw,UGK,dirty south rap,61.0,926177.0,1
0hKpvarswO34Ks5iPNmEXn,J. Ivy,,47.0,5432.0,0
6NzM38IkXdbQsQ4qW9CG7z,Amil,hip pop,45.0,39201.0,0
1wvlC6NwleHt1iRD6d5X2C,Foxy Brown,"contemporary r&b, east coast hip hop, hip pop, new jack swing, r&b",55.0,720000.0,0
18HVMQsV3tINaTyzT5UIjH,CyHi,atl hip hop,52.0,218226.0,0
2cADQgiLMjNhbsfeN52Bf3,Swizz Beatz,"battle rap, dirty south rap, southern hip hop, trap",64.0,440792.0,1
0c173mlxpT3dSFRgMO8XPh,Big Sean,"detroit hip hop, hip hop, pop rap, r&b, rap, southern hip hop, trap",78.0,11269902.0,1
60df5JBRRPcnSpsIMxxwQm,Otis Redding,"classic soul, memphis soul, soul, soul blues, southern soul, vocal jazz",73.0,2351825.0,0
31TPClRtHm23RisEBtV3X7,Justin Timberlake,"dance pop, pop",83.0,14806500.0,0
1J2VVASYAamtQ3Bt8wGgA6,Ja Rule,"dance pop, east coast hip hop, gangster rap, hip hop, hip pop, pop rap, queens hip hop, rap, urban contemporary",72.0,1972337.0,1
4iHNK0tOyZPYnBU7nGAgpQ,Mariah Carey,"dance pop, pop, urban contemporary",86.0,10737548.0,0
4V8LLVI7PbaPR0K2TGSxFF,"Tyler, The Creator","hip hop, rap",94.0,18279173.0,1
6XyY86QOPPrYVGvF9ch6wz,Linkin Park,"alternative metal, nu metal, post-grunge, rap metal, rock",93.0,27937435.0,1
1XkoF8ryArs86LZvFOkbyr,Mary J. Blige,"dance pop, hip pop, neo soul, r&b, urban contemporary",73.0,4024141.0,0
3DiDSECUqqY1AuBP8qtaIa,Alicia Keys,"neo soul, pop, r&b",81.0,12269532.0,0
2RdwBSPQiwcmiDo9kixcl8,Pharrell Williams,"dance pop, pop",82.0,4935776.0,0
4iCwCMnqsNZ6atvRiADgtn,RZA,"east coast hip hop, hardcore hip hop",62.0,589492.0,0
5lKZWd6HiSCLfnDGrq9RAm,Leona Lewis,"british soul, dance pop, pop, talent show",71.0,3635478.0,0
2ExGrw6XpbtUAJHTLtUXUD,Stefflon Don,"dancehall, dancehall queen, uk dancehall, uk hip hop",71.0,1195453.0,0
5twTCOm58CXYCqCny4gYcQ,Ric Hassani,azontobeats,54.0,162780.0,0
1snhtMLeb2DYoMOcVbb8iB,Kenshi Yonezu,"anime, j-pop",75.0,6410309.0,0
3q7HBObVc0L8jNeTe5Gofh,50 Cent,"east coast hip hop, gangster rap, hip hop, pop rap, queens hip hop, rap",85.0,16302212.0,1
64M6ah0SkkRsnPGtGiRAbb,Bebe Rexha,"dance pop, pop",81.0,9413629.0,0
1ruutHJcECI7cos2n5TqpO,Nayer,deep dance pop,71.0,29196.0,0
6n4SsAp5VjvIBg3s9QCcPX,SUDA MASAKI,"anime rock, j-pop, japanese punk rock",61.0,2102662.0,0
0YWxKQj2Go9CGHCp77UOyy,Fabolous,"gangster rap, hip hop, pop rap, rap, trap, urban contemporary",66.0,2688804.0,1
1Cs0zKBU1kc0i8ypK3B9ai,David Guetta,"big room, dance pop, edm, pop, pop dance",90.0,26534970.0,0
1HAuPdrX1EKL7rtAdb1ZQY,Yojiro Noda,,43.0,21279.0,0
4S9EykWXhStSc15wEx8QFK,Céline Dion,canadian pop,79.0,9154951.0,0
4yBK75WVCQXej1p04GWqxH,Jeezy,"atl hip hop, crunk, dirty south rap, gangster rap, old school atlanta hip hop, rap, southern hip hop, trap",72.0,2456960.0,1
3jksrX4oBklxR78ft8gv3j,Plies,"dirty south rap, miami hip hop, southern hip hop, trap",64.0,1944529.0,1
4D75GcNG95ebPtNvoNVXhz,AFROJACK,"big room, dance pop, dutch house, edm, electro house, pop dance",74.0,3952845.0,0
3KV3p5EY4AvKxOlhGHORLg,Jeremih,"chicago rap, pop rap, r&b, southern hip hop, trap, urban contemporary",76.0,6797583.0,1
1XavfPKBpNjkOfxHINlMHF,Joeboy,"afrobeats, afropop, nigerian pop",64.0,2401451.0,0
54tsZERmP8X31DMar394rm,Wisegod,,16.0,102.0,0
2LRoIwlKmHjgvigdNGBHNo,Feid,"colombian pop, pop reggaeton, reggaeton, reggaeton colombiano, trap latino, urbano latino",92.0,15123292.0,1
2N4EYkIlG1kv25g6Wv8LGI,Killer Mike,"alternative hip hop, atl hip hop, conscious hip hop, hip hop, old school atlanta hip hop, political hip hop, southern hip hop",64.0,467298.0,0
1FtBEIWAwvw5ymBen5GICR,Chlöe,contemporary r&b,61.0,581833.0,0
0CKa42Jqrc9fSFbDjePaXP,Big K.R.I.T.,"conscious hip hop, mississippi hip hop, southern hip hop, trap",57.0,949580.0,1
1jEQ9dVjupKqchhxVIkHyD,Lord Goat,flick hop,40.0,5739.0,0
4xRYI6VqpkE3UwrDrAZL8L,Logic,"conscious hip hop, hip hop, pop rap, rap",75.0,6103621.0,1
6CsOL9C9iLL0eWKINlDxzQ,Jeru The Damaja,"alternative hip hop, east coast hip hop",49.0,241363.0,0
57UnSUpae3SbRekxNa5Kgl,El-P,"abstract hip hop, alternative hip hop, east coast hip hop, experimental hip hop",59.0,189430.0,0
3xpJzqE3evjd4GzQ9pcHNr,Mad Lion,reggae fusion,37.0,18225.0,0
4nvFFLtv7ZqoTr83387uK4,Dynamicduo,"k-rap, korean r&b",56.0,246603.0,1
13ubrt8QOOCPljQ2FL1Kca,A$AP Rocky,"east coast hip hop, hip hop, rap",86.0,15486596.0,1
1C6G15UmVQMDGpYbdsf1Oi,Lord Finesse,"bronx hip hop, east coast hip hop, hardcore hip hop",51.0,128860.0,0
0uAUrmEQbwcDFzg0v7VicO,Lila Iké,"modern reggae, uk reggae",53.0,166423.0,0
2gINJ8xw86xawPyGvx1bla,KRS-One,"bronx hip hop, conscious hip hop, east coast hip hop, golden age hip hop, hardcore hip hop, hip hop, old school hip hop, political hip hop",54.0,681525.0,0
3euwln1nsG64HZaIoyDpiz,Showbiz,deep east coast hip hop,28.0,2667.0,0
165ZgPlLkK7bf5bDoFc6Sb,Limp Bizkit,"alternative metal, funk metal, nu metal, post-grunge, rap metal, rock",78.0,6624734.0,1
1bqxdqvUtPWZri43cKHac8,MAX,"singer-songwriter pop, teen pop, viral pop",68.0,928207.0,0
56D5VnuoX3l7bs2kgcrQvJ,Crooklyn Dodgers 95',golden age hip hop,19.0,1193.0,0
5dHt1vcEm9qb8fCyLcB3HL,A$AP Ferg,"hip hop, pop rap, rap, southern hip hop, trap",73.0,3982248.0,1
1mMjwoytmHP5dTJbIQxN4V,ILL BILL,conscious hip hop,49.0,121880.0,0
4ULO7IGI3M2bo0Ap7B9h8a,Teyana Taylor,"alternative r&b, hip pop, r&b, urban contemporary",61.0,1955505.0,0
0ABk515kENDyATUdpCKVfW,Westside Gunn,"alternative hip hop, boom bap, buffalo hip hop, drumless hip hop, hip hop, upstate ny rap",70.0,696609.0,1
0mbgkaYR8KNUb5s3s1yYHG,Papoose,"battle rap, dirty south rap",47.0,402782.0,1
0KWcq2E8ejxp78jdfpCd4K,KeKe Wyatt,"contemporary r&b, hip pop, r&b, urban contemporary",45.0,714413.0,0
3D60aniZnT8Bcdq7RYzGps,The Boys & Girls Club of the Gulf Coast,,7.0,13.0,0
1YlTWm8RugjwYRWrjnYvv5,Saint Ashleey,,13.0,717.0,0
1UjTUqWfGkof4L5HO5NmzP,Kenny Lattimore,"contemporary r&b, r&b",47.0,599238.0,0
0kJOd0gt1l5iQZdnqGGzMJ,Pastor Reginald Sharpe Jr.,,9.0,0.0,0
6SGcrRGQCscQdXQaIyOzPr,Nicci Gilbert,,11.0,2237.0,0
5lxFMiabP28TDGCykabvSN,Vtek,,7.0,144.0,0
4gpDA7R5796e6zbvZxGNga,Shawnna,"chicago rap, dirty south rap, hip pop, southern hip hop",53.0,153730.0,1
2DzRMyWgjuMbYvt5BLbpCo,Anthony Hamilton,"contemporary r&b, neo soul, r&b, urban contemporary",60.0,1608666.0,0
0bbN8BIF8Ys24597Zajine,Sheek,,36.0,2856.0,0
4heq4It7gPnLQdiN9YW1t6,Infa-Red & Cross,,24.0,64.0,0
2ZbWlThDW0qSbI3hinpl0w,MC Lyte,"alternative r&b, contemporary r&b, east coast hip hop, old school hip hop",47.0,423483.0,0
7iMvwE8qANp3aIfAGKEAwS,Cam'ron,"battle rap, east coast hip hop, harlem hip hop, southern hip hop",60.0,748600.0,1
6hIILipyNOmswy0IdWHx7b,Ann Nesby,,37.0,17118.0,0
0lax1ZgWclW6mZFaGu27MM,Cupid,kids dance party,50.0,45927.0,0
5nLYd9ST4Cnwy6NHaCxbj8,CeeLo Green,"atl hip hop, pop rap",67.0,652600.0,1
4S2g6K5F7y1OuqqJce4Y52,Musiq Soulchild/Syleena Johnson as 9ine,,14.0,193.0,0
0rlS0SzVFk8BoiAW0fGBbN,Salaam Remi,hip hop,65.0,33852.0,0
6XItHNeKXecnFpkJHOn5JL,Syl Johnson,"chicago soul, memphis soul, southern soul",48.0,56753.0,0
2NsAJcAM18AExiMWKLKzuH,Drag-On,"bronx hip hop, nyc rap",47.0,159724.0,1
2GHclqNVjqGuiE5mA7BEoc,Common,"alternative hip hop, chicago rap, conscious hip hop, hardcore hip hop, hip hop, political hip hop",62.0,988364.0,1
0CIwCGmQMqHqiblnZlFia1,Stephen Marley,"reggae, roots reggae",61.0,682880.0,0
3cRxvnHtQAyGhgDxT4tJug,Syleena Johnson as 9ine,,6.0,49.0,0
61MrlHthfjJXkkdegGOrvh,B. Trenton,,3.0,72.0,0
3UVRliakQfa1pMWIsNuiZ8,Musiq Soulchild,"contemporary r&b, neo soul, new jack swing, r&b, urban contemporary",60.0,1176210.0,0
6DJEUXZm0e2rAohdoZ5Voo,Black Thought,"alternative hip hop, east coast hip hop",56.0,269482.0,0
1RyvyyTE3xzB2ZywiAwp0i,Future,"atl hip hop, hip hop, rap, southern hip hop, trap",93.0,19560275.0,1
46SHBwWsqBkxI7EeeBEQG7,Kodak Black,"florida drill, florida rap, melodic rap, miami hip hop, rap, trap, trap latino",82.0,11285312.0,1
1pPmIToKXyGdsCF6LmqLmI,Rich The Kid,"atl hip hop, melodic rap, plugg, rap, trap",68.0,3393795.0,1
3hcs9uc56yIGFCSy9leWe7,Lil Durk,"chicago drill, chicago rap, drill, hip hop, pop rap, rap, trap",82.0,8306812.0,1
699OTQXzgjhIYAHMy9RyPD,Playboi Carti,"atl hip hop, plugg, pluggnb, rage rap, rap",90.0,12494381.0,1
5NTFOMIZSgupSw6yfnD4E2,North West,,38.0,43588.0,0
2UaidDh9OgKEsys1jZn0lA,Chicago West,,29.0,4821.0,0
3L6bhGrHegoci41Jx2nP0V,Bump J,chicago rap,45.0,11286.0,1
4Gso3d4CscCijv0lmajZWs,Don Toliver,rap,88.0,5524920.0,1
12Zk1DFhCbHY6v3xep2ZjI,070 Shake,new jersey rap,71.0,579036.0,1
7pFeBzX627ff0VnN6bxPR4,Desiigner,"pop rap, rap, southern hip hop, trap, viral trap",62.0,3527487.0,1
4MCBfE4596Uoi2O4DtmEMz,Juice WRLD,"chicago rap, melodic rap, rap",93.0,36941132.0,1
5cj0lLjcoR7YOSnhnX0Po5,Doja Cat,"dance pop, pop",87.0,32097577.0,0
2gsggkzM5R49q6jpPvazou,Jessie J,"dance pop, pop",74.0,11836311.0,0
2iojnBLj0qIMiKPvVhLnsH,Trey Songz,"dance pop, r&b, southern hip hop, trap, urban contemporary",71.0,7530073.0,1
3Xt3RrJMFv5SZkCfUE8C1J,Kim Petras,"alt z, dance pop, pop, transpop",75.0,1140787.0,0
3LZZPxNDGDFVSIPqf4JuEf,Ice Spice,bronx drill,75.0,4264972.0,0
66CXWjxzNUsdJxJ2JdwvnR,Ariana Grande,pop,95.0,101745029.0,0
3Nrfpe0tUJi4K4DXYWgMUX,BTS,"k-pop, k-pop boy group, pop",87.0,77096667.0,0
6jJ0s89eD6GaHleKKya26X,Katy Perry,pop,86.0,35236605.0,0
246dkjvS1zLTtiykXe5h60,Post Malone,"dfw rap, melodic rap, pop, rap",91.0,45993668.0,1
20sxb77xiYeusSH8cVdatc,Meek Mill,"hip hop, philly rap, pop rap, rap, southern hip hop, trap",75.0,8028482.0,1
4RSyJzf7ef6Iu2rnLdabNq,Willy William,pop dance,66.0,261368.0,0
7gZfnEnfiaHzxARJ2LeXrf,6ix9ine,emo rap,72.0,6873136.0,1
1uNFoZAHBGtllmzznpCI3s,Justin Bieber,"canadian pop, pop",92.0,79292541.0,0
790FomKkXshlbRYZFtlgla,KAROL G,"reggaeton, reggaeton colombiano, urbano latino",91.0,52709396.0,0
5LHRHt1k9lMyONurDHEdrp,Tyga,"hip hop, pop rap, rap, southern hip hop, trap",79.0,7053134.0,1
73KwqWuob0R53I14Vs56p9,Jesy Nelson,,38.0,54164.0,0
3CbYyyd8wH3RT6t0jwpdzC,Murda Beatz,"canadian hip hop, canadian trap",58.0,157653.0,1
4O15NlyKLIASxsJ0PrXPfz,Lil Uzi Vert,"hip hop, melodic rap, philly rap, rage rap, rap, trap",87.0,18142810.0,1
3e7awlrlDSwF3iM0WBjGMp,Little Mix,"girl group, pop, talent show, uk pop",75.0,12096130.0,0
5cIc3SBFuBLVxJz58W2tU9,Oh Wonder,"electropop, indie poptimism, pov: indie",69.0,1079280.0,0
21WS9wngs9AqFckK7yYJPM,PnB Rock,"melodic rap, rap, trap",70.0,4187007.0,1
6Xgp2XMz1fhVYe7i6yNAax,Trippie Redd,"melodic rap, rap, trap",83.0,10062118.0,1
1zNqQNIdeOUZHb8zbZRFMX,Swae Lee,"melodic rap, rap, trap",81.0,2454196.0,1
1r4hJ1h58CWwUQe3MxPuau,Maluma,"latin pop, reggaeton, reggaeton colombiano, trap latino, urbano latino",88.0,35278713.0,1
2J6pigOrBmKQgqJUY5UM7r,Matt OX,"melodic rap, plugg, rage rap",54.0,314956.0,1
4exLIFE8sISLr28sqG1qNX,Travis Barker,rap rock,68.0,474128.0,1
55fhWPvDiMpLnE4ZzNXZyW,Noah Cyrus,"alt z, pop",76.0,1508091.0,0
2kCcBybjl3SAtIcwdWpUe3,Lil Peep,"cloud rap, emo rap, lgbtq+ hip hop",86.0,13627016.0,1
2P5sC9cVZDToPxyomzF1UH,Joey Bada$$,"conscious hip hop, hip hop, rap",74.0,3629114.0,1
2rhFzFmezpnW82MNqEKVry,Ski Mask The Slump God,"hip hop, miami hip hop, pop rap, rap, trap, underground hip hop",73.0,5968736.0,1
25uiPmTg16RbhZWAqwLBy5,Charli xcx,"art pop, candy pop, metropopolis, pop, uk pop",87.0,4561875.0,0
2cCUtGK9sDU2EoElnk0GNB,The National,"chamber pop, indie folk, indie rock, indietronica, modern rock",67.0,1646390.0,0
2ZKzqJz3pPfWKVRgz9b39j,Ilsey,,55.0,19452.0,0
40ZNYROS4zLfyyBSs2PGe2,Zach Bryan,classic oklahoma country,90.0,5668050.0,0
53KwLdlmrlCelAZMaLVZqU,James Blake,"art pop, indie soul, indietronica, uk alternative pop",71.0,1502965.0,0
7bcbShaqKdcyjnmv4Ix8j6,St. Vincent,"art pop, etherpop, indie rock, indietronica, metropopolis, neo-synthpop",65.0,910125.0,0
23EA28263XvtIrXuySX6oI,Francis and the Lights,art pop,59.0,173733.0,0
06HL4z0CvFAxyc27GXpf02,Taylor Swift,pop,100.0,127753251.0,0
356W28yEFY8MEeYNUOLzJq,Diversify,,50.0,8217.0,0
1793RNBnWXkl6iRbT196Nk,KDDK,,44.0,4223.0,0
67gqUXxHedeUGDTxwBzdjS,Conway the Machine,"alternative hip hop, boom bap, buffalo hip hop, upstate ny rap",62.0,343105.0,1
2gBjLmx6zQnFGQJCAQpRgw,Nelly,"dance pop, gangster rap, hip hop, pop rap, rap, st louis rap, urban contemporary",76.0,3158399.0,1
3tJoFztHeIJkJWMrx0td2f,Moneybagg Yo,"memphis hip hop, rap, southern hip hop, tennessee hip hop, trap",77.0,4770389.0,1
2YZyLoL8N0Wb9xBt1NhZWg,Kendrick Lamar,"conscious hip hop, hip hop, rap, west coast rap",97.0,35098576.0,1
6AMa1VFQ7qCi61tCRtVWXe,Jim Jones,"gangster rap, harlem hip hop, trap",53.0,720344.0,1
2IDLDx25HU1nQMKde4n61a,Rich Brian,indonesian hip hop,67.0,2126744.0,0
6FD0unjzGQhX3b6eMccMJe,Ghostface Killah,"east coast hip hop, hardcore hip hop",65.0,952692.0,0
2x8KDZdSONA3872CnhaAlX,Styles P,"battle rap, dirty south rap, east coast hip hop",62.0,714015.0,1
0Y5tJX1MQlPlqiwlOH1tJY,Travis Scott,"rap, slap house",94.0,35183053.0,1
0Y4inQK6OespitzD6ijMwb,Freddie Gibbs,"alternative hip hop, hip hop, indiana hip hop, rap, underground hip hop",70.0,1342161.0,1
1L8An7RfJbMW7zBy2fE0Tz,Nia Sultana,alternative r&b,40.0,41135.0,0
3jK9MiCrA42lLAdMGUZpwa,Anderson .Paak,"escape room, hip hop, indie soul, neo soul",78.0,2606037.0,0
540vIaP2JwjQb9dm3aArA4,DJ Snake,"dance pop, edm, electronic trap, pop, pop dance",79.0,8950209.0,1
20wkVLutqVOYrc0kxFs7rA,Daniel Caesar,canadian contemporary r&b,87.0,7485559.0,0
0iEtIxbK0KxaSlF7G42ZOp,Metro Boomin,rap,89.0,9858840.0,1
6vXTefBL93Dj5IqAWq6OTv,French Montana,"hip hop, pop rap, rap, southern hip hop, trap",76.0,5593238.0,1
1nzgtKYFckznkcVMR3Gg4z,KSI,"social media pop, uk hip hop",70.0,2644817.0,0
7hIqJfRYGBWWT1Qxu6Cpd2,Andy Rivera,"reggaeton, reggaeton colombiano, trap latino, urbano latino",68.0,3056244.0,1
1CO6e7WRJvSFenmQO8n64C,Zhavia,post-teen pop,56.0,425302.0,0
4isewEHTP7Az2QheDdBQ6J,24hrs,"atl trap, trap soul",50.0,231305.0,1
4IJJT14IU0qsMozKjQJZfa,Lil Demon,,12.0,967.0,0
7wlFDEWiM5OoIAt8RSli8b,YoungBoy Never Broke Again,"baton rouge rap, rap",83.0,13405359.0,1
07WSqyexqFJM0ZeQVPqJJg,Mateo on the Beatz,,69.0,57995.0,0
0WOxhx4hikIsyF3CRPLC8W,Famous Dex,"chicago rap, drill, rap, trap",57.0,2481573.0,1
7IlRNXHjoOCgEAWN5qYksg,Aya Nakamura,"basshall, pop urbaine, r&b francais",72.0,5050603.0,0
2Ci1Tt7bCEU3OTByr1nc0y,Kew,,43.0,6654.0,0
3Fl1V19tmjt57oBdxXKAjJ,Blueface,"cali rap, rap, trap",66.0,6807729.0,1
5fMUXHkw8R8eOP2RNVYEZX,Diplo,"dance pop, edm, electro house, moombahton, pop dance",79.0,2708229.0,0
0XNKQFs2Ewb3y0VsFUFc5l,MORGENSHTERN,"russian hip hop, russian trap",60.0,2146511.0,1
0deIjoDjl9g9Zpw0sCIOHh,Valentino Khan,"brostep, edm, electro house, electronic trap, moombahton",52.0,243373.0,1
3i6lAgVHplDXb6zrjIeBeK,Kris R.,trap colombiano,69.0,165142.0,1
6icQOAFXDZKsumw3YXyusw,Lil Yachty,"atl hip hop, melodic rap, rap, trap",80.0,10356960.0,1
2oQX8QiMXOyuqbcZEFsZfm,El Alfa,"dembow, rap dominicano, trap latino, urbano latino",79.0,3780407.0,1
6AUl0ykLLpvTktob97x9hO,Tee Grizzley,"detroit hip hop, detroit trap, rap, southern hip hop, trap",72.0,3825996.0,1
0ZvobuPpnh1X20UpQnXkRx,Lil Sicko,chicano rap,25.0,22081.0,1
13y7CgLHjMVRMDqxdx0Xdo,Gucci Mane,"atl hip hop, dirty south rap, hip hop, pop rap, rap, southern hip hop, trap",78.0,5730306.0,1
1T07u2FWo1OtjuDreAW39d,Bandit,,20.0,599.0,0
3RtNN1VnooWEn3KQk03DUL,Noriel,"reggaeton, trap latino, urbano latino",79.0,8071828.0,1
21dooacK2WGBB5amYvKyfM,Smokepurpp,"melodic rap, miami hip hop, trap, underground hip hop",57.0,2401298.0,1
7CajNmpbOovFoOoasH2HaY,Calvin Harris,"dance pop, edm, electro house, house, pop, progressive house, uk dance",86.0,22969229.0,0
5IcR3N7QB1j6KBL8eImZ8m,ScHoolboy Q,"gangster rap, hip hop, pop rap, rap, southern hip hop, trap",78.0,4863483.0,1
4A0TivfinfALCAMJqqjZIk,Funk Wav,funktronica,66.0,14812.0,0
57LYzLEk2LcFghVwuWbcuS,Summer Walker,"r&b, rap",82.0,7125275.0,1
62DmErcU7dqZbJaDqwsqzR,Popcaan,"dancehall, jamaican hip hop, reggae fusion, traphall",67.0,1183250.0,1
0du5cEVh5yTK9QJze8zA0C,Bruno Mars,"dance pop, pop",96.0,63658721.0,0
5ZsFI1h6hIdQRw2ti0hz81,ZAYN,"pop, uk pop",79.0,23494655.0,0
5M0lbkGluOPXLeFjApw8r8,DRAM,"trap, underground hip hop, viral trap, virginia hip hop",60.0,853072.0,1
738wLrAtLtCtFOLvQBXOXp,Major Lazer,"dance pop, edm, electro house, moombahton, pop, pop dance",77.0,6220108.0,0
0nTErwSOllrcUWt3knOG2T,Jazzanova,"jazztronica, nu jazz, trip hop",45.0,106452.0,0
1020a42xVklY6c56imNcaa,Slum Village,"alternative hip hop, detroit hip hop, hardcore hip hop, hip hop",55.0,356398.0,0
4F8O7axjzw3z0xVPRG8JFS,DJ Mitsu The Beats,"ambeat, japanese jazztronica",42.0,37182.0,0
3HjosY5lEruH7CLA2AZqbR,Antwan Gardner,,5.0,8.0,0
0IVcLMMbm05VIjnzPkGCyp,J Dilla,"alternative hip hop, detroit hip hop, hip hop, instrumental hip hop",58.0,725723.0,0
2Ut1DJXrZsWwAkhjULeAVX,Dwele,,7.0,48.0,0
6ZcRUVs3I5U8EOnm9ZdCsO,Bahamadia,"alternative r&b, philly rap",46.0,80951.0,1
5cM1PvItlR21WUyBnsdMcn,Robert Glasper,"contemporary jazz, indie jazz, indie soul, jazz, modern jazz piano, neo r&b, neo soul",59.0,470141.0,0
1sBRcMH8DDR8Nsk2RoJmjS,Boney James,"smooth jazz, smooth saxophone",55.0,191935.0,0
77zgRkcehIGCAtROXkXkb3,Black Milk,"alternative hip hop, detroit hip hop, instrumental hip hop",38.0,120932.0,0
3DwcX6M6GF3KGWbVmfNp8G,Leon Ware,jazz funk,45.0,41821.0,0
5KkgZ31b9eDwkvo9oMIrSm,Consequence,"nyc rap, queens hip hop",57.0,55361.0,1
5Y5TRrQiqgUO4S36tzjIRZ,Timbaland,"dance pop, pop, pop rap",80.0,3048180.0,1
698hF4vcwHwPy8ltmXermq,Far East Movement,"asian american hip hop, dance pop, pop rap",68.0,1098183.0,1
4TLCPR1sMYoNU1jA7O4uww,D.O.E.,,68.0,6030.0,0
3SDQzHnLxVFNK6hvg9Lrks,Sebastian,"deep freestyle, freestyle",38.0,1349.0,0
1vfezMIyCr4XUdYRaKIKi3,Keyshia Cole,"hip pop, r&b, urban contemporary",71.0,4055137.0,0
4PrinKSrmILmo0kERG0Ogn,Trina,"contemporary r&b, dirty south rap, hip pop, miami hip hop, r&b, rap latina, southern hip hop, trap queen",55.0,1121350.0,1
0tJCNteqwm7LmRZ6KWr8GT,Chip,"grime, instrumental grime, london rap, uk hip hop",57.0,347264.0,1
3Isy6kedDrgPYoTS1dazA9,Sean Paul,"dance pop, dancehall, pop, pop rap",82.0,4952750.0,1
0gcDAjaKZIKMdYJoIdrIfR,Polow Da Don,,42.0,1228.0,0
4tujQJicOnuZRLiBFdp3Ou,Xzibit,"detroit hip hop, g funk, gangster rap, hardcore hip hop, hip hop, west coast rap",68.0,2129697.0,1
6mXlDbi03T8wXYwWYew0Ut,Rich Boy,"alabama rap, dirty south rap",47.0,365237.0,1
1Xfmvd48oOhEWkscWyEbh9,Lloyd,"hip pop, pop rap, r&b, southern hip hop, trap, urban contemporary",69.0,2411066.0,1
3vDUJHQtqT3jFRZ2ECXDTi,Lloyd Banks,"detroit hip hop, gangster rap, hardcore hip hop, hip hop, pop rap, queens hip hop, rap, trap",64.0,1380312.0,1
77AiFEVeAVj2ORpC85QVJs,Steve Aoki,"edm, electro house, pop dance",74.0,3791946.0,0
40xbWSB4JPdOkRyuTDy1oP,Nicole Scherzinger,"dance pop, pop, post-teen pop",64.0,2409886.0,0
59wfkuBoNyhDMQGCljbUbA,Diddy,"dance pop, east coast hip hop, hip hop, hip pop, pop rap, rap",73.0,1827776.0,1
20qISvAhX20dpIbOOzGK3q,Nas,"conscious hip hop, east coast hip hop, gangster rap, hardcore hip hop, hip hop, queens hip hop, rap",74.0,3986482.0,1
7pGyQZx9thVa8GxMBeXscB,K'NAAN,reggae fusion,63.0,267839.0,0
7bXgB6jMjp9ATFy66eO08Z,Chris Brown,"r&b, rap",89.0,24358183.0,1
6l3HvQ5sa6mXTsMTB19rO5,J. Cole,"conscious hip hop, hip hop, north carolina hip hop, rap",87.0,25193330.0,1
6h2bWHWTJL38N8dqocVaif,Jon Bon Jovi,hard rock,57.0,2638401.0,0
7o95ZoZt5ZYn31e9z1Hc0a,Natasha Bedingfield,"dance pop, pop, post-teen pop",75.0,1836578.0,0
7Hw2FhfcVUOeKkV7mJvuUB,Marko Letonja,,36.0,295.0,0
4TKTii6gnOnUXQHyuo9JaD,Sheryl Crow,"lilith, new wave pop, permanent wave, pop rock, singer-songwriter",67.0,1233917.0,0
2mVVjNmdjXZZDvhgQWiakk,Khruangbin,"indie soul, neo-psychedelic, world",73.0,1971747.0,0
1yQ8S4xdGOGbUcpaPR6hCM,Straight No Chaser,a cappella,58.0,178228.0,0
78xUyw6FkVZrRAtziFdtdu,The Roots,"conscious hip hop, east coast hip hop, hip hop, philly rap, political hip hop",61.0,1418786.0,1
7mAcgRMD6EfCKHO6cIkDOP,Jimmy Fallon,,57.0,74814.0,0
6USv9qhCn6zfxlBQIYJ9qs,Dominic Fike,"alternative pop rock, pov: indie",79.0,1952106.0,0
6QEKXJs8gQCiyBq5L8knco,Linda McCartney,classic uk pop,55.0,31225.0,0
0Cd6nHYwecCNM1sVEXKlYr,Krewella,"edm, electra, electro house, pop dance",55.0,911715.0,0
6VZlYTq8lqmm4EFmZwK2fQ,Johnny Rzeznik,,32.0,1426.0,0
3r17AfJCCUqC9Lf0OAc73G,Fergie,"dance pop, pop",70.0,5861112.0,0
3fMbdgg4jU18AjLCKBhRSm,Michael Jackson,"r&b, soul",85.0,33731438.0,0
3sFhA6G1N0gG1pszb6kk1m,Wings,"album rock, art rock, classic rock, folk rock, mellow gold, rock, singer-songwriter, soft rock",65.0,1135901.0,0
6ovcFUr31ei4FmtLIXtyNa,Orchestre Philharmonique De Strasbourg,"french orchestra, orchestra",41.0,590.0,0
23fqKkggKUBHNkbKtXEls4,Kygo,"edm, pop, pop dance, tropical house",82.0,8508997.0,0
6aZyMrc4doVtZyKNilOmwu,Colbie Caillat,"dance pop, neo mellow, pop",68.0,2526553.0,0
6PAt558ZEZl0DmdXlnjMgD,Eric Clapton,"album rock, blues rock, classic rock, electric blues, mellow gold, rock, singer-songwriter, soft rock",73.0,6105311.0,0
6AVLthptCPhfrxlHadOBJD,Jill Scott,"hip pop, neo soul, quiet storm, r&b, urban contemporary",59.0,1801290.0,0
2O3ohFsX5yEGY5FYJqp16q,Tak,,44.0,54.0,0
6gv7K55o2qyiGD9u84TIsW,Muro,"latin metal, spanish metal",27.0,16246.0,0
5PjekOABtfU2Kwo0AHVmci,Guy Sebastian,australian pop,58.0,545813.0,0
5t2P9w0qT2I9y0DrNhykSj,Matthew Santos,,55.0,6837.0,0
0xukYGKRRwBWS1N9sfCQoq,Gizzle,,62.0,11206.0,0
5LkHiburgp40vnKs1PFQYR,Nikki Jean,,39.0,6272.0,0
2HTK8zEKTdM2vQScd3Jg5C,Bishop G,,28.0,102.0,0
7dWYWUbO68rXJOcyA7SpJk,Fort Minor,rap rock,61.0,630159.0,1
6eUKZXaKkcviH0Ku9w2n3V,Ed Sheeran,"pop, singer-songwriter pop, uk pop",90.0,117733441.0,0
4jCbgl5Dmt3uOh8WRQfpPs,Bilal,neo soul,65.0,294026.0,0
3Ztgr9y1L9ZfoIOEsCrZEb,Jonah Matranga,,46.0,4727.0,0
3qpAgvQBkPuFhUtRi1qbd0,Punch,,37.0,2253.0,0
62gL3RAdJAPUmjrYudnVjy,Holly Brook,,45.0,17310.0,0
4UFOj9R5p4xrG2HVBsKqOK,ルーペ・フィアスコ,,3.0,58.0,0
5vP3nmsaGrondXXS5BvrSH,Joy Denalane,,53.0,75541.0,0
4k8EGKTPWLYgwsLiEDi9kI,Shakkazombie,japanese old school hip hop,20.0,16126.0,0
0g9vAlRPK9Gt3FKCekk4TW,Ab-Soul,"conscious hip hop, hip hop, rap, underground hip hop",64.0,1108905.0,1
4utLUGcTvOJFr6aqIJtYWV,Skylar Grey,"piano rock, viral pop",70.0,625804.0,0
3EN8pUGJtYWutzf2fUxrDH,Moody Good,"dubstep, electronic trap, filthstep",40.0,41287.0,1
0QiCCpzEYPFaWqkWtDQTmH,Yogi,,37.0,17301.0,0
0Cp8WN4V8Tu4QJQwCN5Md4,BENEE,"alt z, nz pop",65.0,819323.0,0
2Mu5NfyYm8n5iTomuKAEHl,Ms. Lauryn Hill,"alternative r&b, conscious hip hop, hip hop, neo soul, new jersey rap, r&b",74.0,3150038.0,1
2rAnv6brcXaglLZBB4XXEn,Nigo,,56.0,89939.0,0
2yQf6b8hxahZaT5dHlWaB1,Raekwon,"east coast hip hop, hardcore hip hop",64.0,624903.0,0
5j4HeCoUlzhfWtjAfM1acR,Stromae,"belgian pop, g-house",82.0,3534174.0,0
0hfAzw4HfebJxXuLgICOnV,Jethro Sheeran,,32.0,2281.0,0
3YBBdrVEWJrj4XONK0UtP2,Rosco P Coldchain,,22.0,575.0,0
4np9Zzw0SEYQLcGv28P51q,TRAVI,,33.0,536.0,0
56MDhktp7hO6MqKCS9rSXT,Mad Cobra,"dancehall, old school dancehall, reggae fusion",47.0,92329.0,0
0KuF7reCTOZwV7YJnHQqgr,The Neptunes,,58.0,116924.0,0
0Ye4nfYAA91T1X56gnlXAA,Mako,pop edm,67.0,121616.0,0
47mIJdHORyRerp4os813jD,League of Legends,"speedrun, video game music",86.0,1974954.0,0
0OJ5ViZQUFL6ileg5HvKKy,Trollphace,"brostep, deathstep, dubstep, filthstep, gaming dubstep, riddim dubstep",36.0,23863.0,0
1kwi1Q7X4jPTkHTgayxKhS,Alonestar,,43.0,8904.0,0
0cTSCsVx04SSht9V6cpKN0,Mavis Staples,"black americana, soul, southern soul, spirituals",51.0,110138.0,0
4Ui2kfOqGujY81UcPrb5KE,HAIM,"indietronica, metropopolis",65.0,1346742.0,0
0fA0VVWsXO9YnASrzqfmYu,Kid Cudi,"hip hop, ohio hip hop, pop rap, rap",80.0,7319481.0,1
3ZotbHeyVQKxQCPDJuQ4SU,Q-Tip,"east coast hip hop, queens hip hop",61.0,611303.0,0
2KCRLxlHd2OgZG6YAOAcSu,YNW BSlime,melodic rap,50.0,376893.0,1
4bNsv6cC3fLoTi0Esh8aEg,YNW SmokeDaLoc,,27.0,3041.0,0
6jGMq4yGs7aQzuGsMgVgZR,Lil Tjay,"brooklyn drill, melodic rap, nyc rap, rap",79.0,9266218.0,1
2JSwnwAT1BupAQkhqcRCUw,Sada Baby,"detroit trap, scam rap",56.0,528294.0,1
5HviKGcHfUcbesgUw0PLzX,Foreign Teck,,29.0,380.0,0
1bqJuNMz1iBqWo9B0BdIiM,FN DaDealer,atl trap,36.0,20269.0,1
3YYbAExunnHv5pW7GUZefk,DC The Don,"melodic rap, rage rap",59.0,321011.0,1
5jx69PEwHeFm5MDZ695RIV,YNW Bortlen,,35.0,20682.0,0
2EnD37GNRe2REqHBKqMnZQ,Bslime,atl trap,42.0,15112.0,1
0ceH34CATvfgphxnLRWFkm,9lokknine,"florida drill, florida rap",64.0,547587.0,1
3nViOFa3kZW8OMSNOzwr98,Queen Naija,"pop r&b, r&b",60.0,3153005.0,0
4gB2Nnsapxi4chX9f5zgku,Skooly,,46.0,233714.0,0
31W5EY0aAly4Qieq6OFu6I,A Boogie Wit da Hoodie,"melodic rap, rap, trap",79.0,8575948.0,1
6BH1xcDkwbbyrLMUKECsW1,Toosii,north carolina hip hop,67.0,1994329.0,0
4bC0rBgHBQ02vfeyLIKBdG,Jit4 Stan,,34.0,2218.0,0
1xr2G8Hlx4QWmT9HaUbmoO,Young Stoner Life,pop rap,66.0,190376.0,1
1egKFNqREi1l3EsTwRrvVR,100k Track,,38.0,12274.0,0
4QD6UrogtlwL2GoVM5cZEN,J Green,,25.0,912.0,0
3IaKn0ExWTMPqa0mscUYw3,Only The Family,chicago rap,63.0,591802.0,1
4yTmEo2clwWq2jwelvqgVv,Fredo Bang,"baton rouge rap, memphis hip hop, trap",58.0,845592.0,1
2dJ7qCfsYlwiI1vDpImybL,Ynw4L,,44.0,5059.0,0
6QtgPSJPSzcnn7dPZ4VINp,King Von,"chicago rap, rap",78.0,5558850.0,1
757aE44tKEUQEqRuT6GnEB,Roddy Ricch,"melodic rap, rap, trap",80.0,11036855.0,1
7jML11qF6iqjI8aaBJo7pA,Rose Byrne,,38.0,991.0,0
1eYhWrTujtBicTr5oVB6yH,Keith Robinson,,34.0,4115.0,0
6CxZzQFUTM6AzgluGwtq5w,Charlie Wilson,"contemporary r&b, r&b, urban contemporary",66.0,1147779.0,0
6DugXn7mndONknqpgY3QZW,Hinton Battle,,23.0,702.0,0
6KZDXtSj0SzGOV705nNeh3,Kid Ink,"pop rap, rap, southern hip hop, trap",68.0,2986399.0,1
4fqk0Vw0VrIY8O2eWtmQO2,Anika Noni Rose,movie tunes,56.0,35527.0,0
1Zq8pfBl4ejCMrWdeAdphc,Eddie Murphy,black comedy,47.0,99003.0,0
1gPhS1zisyXr5dHTYZyiMe,Kevin Gates,"baton rouge rap, pop rap, rap, southern hip hop, trap",73.0,6316589.0,1
1lrL3Lwyoyij9dFwSayDsV,Cameron Diaz,,43.0,7324.0,0
4PiUI5tfxk1ECzVLQCksAA,Sharon Leal,,35.0,515.0,0
1nsURHyRMwZA5oipZwM4bA,Git Fresh,,35.0,18559.0,0
0LyfQWJT6nXafLPZqxe9Of,Various Artists,,0.0,2597557.0,0
266SmBZTt4zRzaKEANWbfQ,Adina Howard,"contemporary r&b, r&b",48.0,455814.0,0
67nwj3Y5sZQLl72VNUHEYE,Wale,"pop rap, r&b, rap, southern hip hop, trap",71.0,4171019.0,1
35GL8Cu2GKTcHzKGi75xl5,Jennifer Hudson,"dance pop, r&b, urban contemporary",64.0,2003626.0,0
5jNmxPYz8QE5rYp4GDil8t,Dina Rae,,68.0,31076.0,0
1Oa0bMld0A3u5OTYfMzp5h,Nate Dogg,"g funk, gangster rap, hardcore hip hop, hip hop, west coast rap",78.0,1755802.0,1
0sKsReKseslDlhxmbN6wLk,BabyTron,"detroit hip hop, scam rap",70.0,588175.0,1
79KQgTCu4wV38ECYKn62DZ,White Gold,,60.0,12392.0,0
6U3ybJ9UHNKEdsH7ktGBZ7,JID,"hip hop, pop rap, rap, underground hip hop",79.0,1943405.0,1
4AA474G2hRfrHyGrfyDseO,Mozzy,"cali rap, sacramento hip hop",63.0,825164.0,1
19k8AgwwTSxeaxkOuCQEJs,Jelly Roll,"country rap, modern country pop, nashville hip hop, tennessee hip hop",83.0,4688781.0,1
6DPYiyq5kWVQS4RGwxzPC7,Dr. Dre,"g funk, gangster rap, hip hop, rap, west coast rap",82.0,13028343.0,1
6AgTAQt8XS6jRWi4sX7w49,Polo G,"chicago rap, rap",81.0,12095791.0,1
6C1ohJrd5VydigQtaGy5Wa,Joyner Lucas,"boston hip hop, hip hop, pop rap, rap",69.0,2306332.0,1
1P8IfcNKwrkQP5xJWuhaOC,LL COOL J,"east coast hip hop, golden age hip hop, hip hop, old school hip hop, queens hip hop, rap",66.0,1792496.0,1
24PJqH46WhB0pUB7NlsFna,Knoc-Turn'al,"g funk, west coast rap",57.0,22284.0,1
5CiGnKThu5ctn9pBxv7DGa,benny blanco,pop,79.0,1259821.0,0
2mpeljBig2IXLXRAFO9AAs,Dido,"dance pop, europop, lilith, neo mellow, pop rock",76.0,1935647.0,0
7hJcb9fa4alzcOq3EaNPoG,Snoop Dogg,"g funk, gangster rap, hip hop, pop rap, rap, west coast rap",85.0,13346529.0,1
6U0aWTZ4llc1ICfyFPtIzd,Doodles,,54.0,8953.0,0
4OBJLual30L7gRl5UkeRcT,T.I.,"atl hip hop, dirty south rap, gangster rap, hip hop, pop rap, rap, southern hip hop, trap",76.0,4907483.0,1
5WUlDfRSoLAfcVSX1WnrxN,Sia,pop,88.0,29041158.0,0
2feDdbD5araYcm6JhFHHw7,Labrinth,"indie poptimism, pop",78.0,3383423.0,0
7aBzpmFXB4WWpPl2F7RjBe,Wyclef Jean,rap kreyol,73.0,367024.0,1
1Y8cdNmUJH7yBTd9yOvr5i,Destiny's Child,"dance pop, girl group, pop, r&b, urban contemporary",74.0,7546347.0,0
3AuMNF8rQAKOzjYppFNAoB,Kelly Rowland,"atl hip hop, dance pop, hip pop, r&b, urban contemporary",70.0,3528986.0,0
6TIYQ3jFPwQSRmorSezPxX,mgk,"ohio hip hop, pop rap",79.0,5426211.0,1
0VRj0yCOv2FXJNP47XQnx5,Quavo,"atl hip hop, melodic rap, rap, trap",81.0,7611661.0,1
4r63FhuTkUYltbVAg5TQnk,DaBaby,"hip hop, north carolina hip hop, pop rap, rap, trap",80.0,12340254.0,1
2DlGxzQSjYe5N6G9nkYghR,Jennifer Lopez,"dance pop, pop, urban contemporary",77.0,13347099.0,0
2LIk90788K0zvyj2JJVwkJ,Jack Harlow,"deep underground hip hop, hip hop, kentucky hip hop, pop rap, rap",82.0,3994801.0,1
4sb7rZNN93BSS6Gqgepo4v,Too $hort,"cali rap, gangster rap, golden age hip hop, hyphy, oakland hip hop, west coast rap",64.0,1597530.0,1
53XhwfbYqKCa1cC15pYq2q,Imagine Dragons,"modern rock, pop, rock",89.0,55546754.0,0
1KlUwB6uFECMC3zzvFvykx,Niia,,47.0,49568.0,0
3DbwFQlvLxRSi2uX8mf81A,Sexyy Red,trap queen,82.0,1610535.0,1
5spEJXLwD1sKUdC2bnOHPg,Bone Thugs-N-Harmony,"gangster rap, hip hop, ohio hip hop, rap",67.0,3149957.0,1
1MIVXf74SZHmTIp4V4paH4,Mabel,"pop, uk pop",66.0,2031907.0,0
1Xyo4u8uXC1ZmMpatF05PJ,The Weeknd,"canadian contemporary r&b, canadian pop, pop",96.0,95904656.0,0
69GGBxA162lTqCwzJG5jLp,The Chainsmokers,pop,83.0,20693587.0,0
1Xylc3o4UrD53lo9CvFvVg,Zara Larsson,"pop, scandipop, swedish electropop, swedish pop",77.0,10612421.0,0
4IVAbR2w4JJNJDDRFP3E83,6LACK,"atl hip hop, melodic rap, r&b, rap, trap",74.0,4769628.0,1
0A0FS04o6zMoto8OKPsDwY,YG,"cali rap, hip hop, pop rap, rap, southern hip hop, trap",74.0,3378084.0,1
6LuN9FCkKOj5PcnpouEgny,Khalid,"pop, pop r&b",85.0,16488064.0,0
6fWVd57NKTalqvmjRd2t8Z,24kGoldn,"cali rap, pop rap",71.0,2253673.0,1
3qnMl4DHT4gndzFAcG4FlM,Kill The Noise,"brostep, complextro, edm, electro house, fidget house, filthstep",55.0,418668.0,0
0nnBZ8FXWjG9wZgM2cpfeb,Leon Thomas,indie r&b,68.0,236592.0,0
54QA4zjZDOyaLN8bVthBjP,Joe Moses,"cali rap, west coast trap",49.0,101410.0,1
1z7b1Pr1rSlvWRzsW3HOrS,Russ,"hawaiian hip hop, pop rap",77.0,5285133.0,1
5vBrKGOjN10BMwB0cJADj4,bülow,"alt z, indietronica",50.0,565115.0,0
4qLV9FR6ZVLS6W8drD78hM,Marcia Griffiths,"dub, lovers rock, reggae, rocksteady, roots reggae",47.0,68920.0,0
5FMLbvy0kbuHZEGtnAKE00,Christopher Herrick,classical organ,21.0,546.0,0
1lldK0FC6IBVh3GGzlN4Da,Alan Loveday,,25.0,564.0,0
6hPc7dyXAey1c44DfQkPqn,Herb Pedersen,,30.0,2278.0,0
2M7iiWelrfIwmEyVhM1ZRB,Stephen Varcoe,,5.0,0.0,0
4NYAtbtGjoARss1qcUp4hw,Juliana Koch,,29.0,183.0,0
1bj5GrcLom5gZFF5t949Xl,Martin Solveig,"disco house, edm, electro house, filter house, house, pop dance, vocal house",64.0,1181133.0,0
0OTPgUKkDp058dC3czXFM2,Michael Praetorius,"baroque, classical, early music, german renaissance, renaissance",48.0,9280.0,0
0xqoJugEySxgSUAjvWj6TW,Robert Spencer,,23.0,92.0,0
3adMGKhs0hyGuTVpe7hnqC,Sir David Willcocks,"choral, orchestral performance",55.0,6798.0,0
5sUrlPAHlS9NEirDB8SEbF,Alejandro Sanz,"cantautor, latin arena pop, latin pop, mexican pop",77.0,7731083.0,0
4uoz4FUMvpeyGClFTTDBsD,Ricardo Montaner,latin pop,69.0,6520338.0,0
2w0dRPpzDTNYZmV9AplCD0,Simon Preston,classical organ,49.0,5511.0,0
5pf59s93BwFYfj6L6gQGSM,Jaime Martin,orchestral performance,46.0,417.0,0
0f3PsS9IQ6whvNMFFKnpjl,"Choir of King's College, Cambridge","british choir, cambridge choir, choral",63.0,81642.0,0
376oz9UwQfpxO5xxgQplBS,Kenneth Heath,,33.0,185.0,0
0TU5B5Zchs3He9YQYXhC1S,Stephen Varcoe,classical bass,36.0,691.0,0
4wnyNu7aCdqEp0vqM6UxEv,Colin Tilney,"harpsichord, historical keyboard, historically informed performance",26.0,759.0,0
3xnPsbGlTHqHM3hfz3O4mt,Chris Richards,,27.0,217.0,0
3D9DcggL2jQSpF0PaxAyr3,jayover,,41.0,1235.0,0
4ehtJnVumNf6xzSCDk8aLB,Martin Jensen,"danish electronic, edm, pop dance",62.0,1275209.0,0
2cN9SgfyZo6l6TijoewUaZ,Bohuslav Martinů,"czech classical, early modern classical, neoclassicism",29.0,9401.0,0
1pmixngtBJleMrGUG5o8DE,Mr. Vegas,"azonto, dancehall, reggae fusion, soca",57.0,365434.0,0
6kuAjH8jM4yaKQhZekTUgL,Sabine Meyer,"classical clarinet, classical performance",43.0,11233.0,0
3qrdTy0IyRgqjXHNCOoSST,Christina Sinatra,,45.0,68.0,0
41ESHLayJ5sDKjAOv6cMhe,Ana Gabriel,"latin pop, mariachi, ranchera",71.0,4743691.0,0
3VrGfWE8YdYMK4ySpnE0ly,Lyrical Lemonade,,59.0,171618.0,0
3StB6ddX8vfwCGVD9HlNUw,Take A Daytrip,,46.0,17228.0,0
7zfaArteqSs8YgCCmPrDK4,DJ Khalil,,44.0,9213.0,0
1m7LSAMIB1BErIHYSOn32W,DJ Scheme,viral rap,62.0,288851.0,1
6QhPWkWn4HiqXP9b3OMLKI,Trevor Rich,,44.0,532.0,0
6fOMl44jA4Sp5b9PpYCkzz,NF,"hip hop, pop rap",80.0,10463310.0,1
5RTLRtXjbXI2lSXc6jxlAz,Ravyn Lenae,"alternative r&b, indie soul",62.0,462683.0,0
6HQYnRM4OzToCYPpVBInuU,Kamasi Washington,"afrofuturism, contemporary jazz, indie soul, jazz, jazz saxophone",56.0,487527.0,0
29gIYsdyccGoUc6qgkZeTK,SWAVAY,"atl hip hop, indie hip hop",47.0,39462.0,0
7ibAWtDtmEfaVhc1FJ3Vl9,Eric Bellinger,"pop r&b, r&b",64.0,914528.0,0
6p70iKebfMSl8zbkiEwOtS,Dinner Party,,52.0,17153.0,0
4s8ZGMVf3OiPktSP4ulpqU,9th Wonder,"alternative hip hop, hip hop, instrumental hip hop, north carolina hip hop",55.0,221907.0,0
6fxyWrfmjcbj5d12gXeiNV,Denzel Curry,"dark trap, drill, hip hop, miami hip hop, rap, trap, underground hip hop",75.0,2689928.0,1
3DGlTwdM5Dim9XQipb3jMf,Jordan Ward,"indie hip hop, indie r&b",63.0,218063.0,0
2hlmm7s2ICUX0LVIhVFlZQ,Gunna,"atl hip hop, melodic rap, rap, trap",88.0,8497033.0,1
2TKC2gVUNBUAlFqfLUoaj0,Phoelix,indie hip hop,53.0,20494.0,0
2ARX1RhR3Ny0bMCbtYakkP,The Rej3ctz,,15.0,200.0,0
7jFaoqWPhYLrKzjzlpXmUO,David Banner,"conscious hip hop, crunk, dirty south rap, mississippi hip hop, southern hip hop",52.0,856167.0,1
3EGBR6AlUWQC7OV4s9ZntP,Jaz-O,golden age hip hop,28.0,6483.0,0
7v9bFXCdSMA2o3gS4nvp0F,Pimp C,"baton rouge rap, chopped and screwed, crunk, dirty south rap, houston rap",51.0,933588.0,1
12WRzRFga1tFlx0OAmFsFM,Ricky Luna,,36.0,2642.0,0
7zhmvqgx9btSAcmxI2EGuE,BJ,,32.0,225.0,0
3BG9cpTxZQzQChcsp7ss9a,Mr. Capone-E,"chicano rap, g funk, west coast rap",50.0,262619.0,1
7i0Z1tzWVamskO8eLnZ3Kx,Miri Ben-Ari,pop violin,55.0,13782.0,0
1HY2Jd0NmPuamShAr6KMms,Lady Gaga,"art pop, dance pop, pop",92.0,33248061.0,0
23zg3TcAtWQy7J6upgbUnj,USHER,"atl hip hop, contemporary r&b, dance pop, pop, r&b, rap, south carolina hip hop, urban contemporary",83.0,12507766.0,1
5gCRApTajqwbnHHPbr2Fpi,Juicy J,"crunk, memphis hip hop, pop rap, rap, southern hip hop, trap",75.0,3236552.0,1
5NDMothbpdpq2xHqSjrrWn,Faith Evans,"contemporary r&b, hip pop, r&b, urban contemporary",66.0,1702779.0,0
4jWzNq3sdzSpqn7BnzvIKn,Memphis Bleek,east coast hip hop,47.0,401997.0,0
2ht3wxeT69CzyKFChNnNAB,Big Boi,"atl hip hop, dirty south rap, hip hop, southern hip hop",54.0,449024.0,1
12FHARd9fY0Tu0ila4Ua25,Trick Daddy,"crunk, dirty south rap, miami hip hop, southern hip hop",58.0,1099726.0,1
35sCXuy5gN6Or69rZ9vqBs,Birdman,"dirty south rap, southern hip hop",62.0,1312692.0,1
4fxd5Ee7UefO4CUXgwJ7IP,Giveon,r&b,78.0,4215389.0,0
6oMuImdp5ZcFhWP0ESe6mG,Migos,"atl hip hop, hip hop, pop rap, rap, southern hip hop, trap",77.0,14161181.0,1
08Ld63UgKrJ0nZnCkzHtzc,Project Pat,"crunk, dirty south rap, gangster rap, memphis hip hop, trap",68.0,884003.0,1
03ilIKH0i08IxmjKcn63ne,Drake Bell,,52.0,421713.0,0
687cZJR45JO7jhk1LHIbgq,Tems,"afro r&b, afrobeats, alte, nigerian pop",78.0,2635854.0,0
4HzKw8XcD0piJmDrrPRCYk,Majid Jordan,"canadian contemporary r&b, canadian hip hop",69.0,972912.0,0
1pBLC0qVRTB5zVMuteQ9jJ,Lily-Rose Depp,pop,77.0,247614.0,0
4q3ewBCX7sLwd24euuV69X,Bad Bunny,"reggaeton, trap latino, urbano latino",96.0,87665108.0,1
250b0Wlc5Vk0CoUsaCY84M,JENNIE,k-pop,82.0,8027443.0,0
3tVQdUvClmAT7URs9V3rsp,Wizkid,"afrobeats, afropop, azonto, nigerian hip hop, nigerian pop",84.0,6585206.0,0
77DAFfvm3O9zT5dIoG0eIO,Kyla,uk funky,72.0,35974.0,0
1URnnhqYAYcrqrcwql10ft,21 Savage,"atl hip hop, hip hop, rap",89.0,20927511.0,1
3qiHUAX7zY4Qnjx8TNUzVx,Yeat,"pluggnb, rage rap",83.0,5523161.0,1
50co4Is1HCEo8bhOyUWKpn,Young Thug,"atl hip hop, atl trap, gangster rap, hip hop, melodic rap, rap, trap",86.0,10890795.0,1
4Ge9GwmWnOQsohwPTrXyHc,Gordo,,64.0,130929.0,0
17lzZA2AlOHwCwFALHttmp,2 Chainz,"atl hip hop, hip hop, pop rap, rap, southern hip hop, trap",76.0,8152470.0,1
7tYKF4w9nC0nq9CsPZTHyP,SZA,"pop, r&b, rap",92.0,24953200.0,1
4gzpq5DPGxSnKTe4SA8HAU,Coldplay,"permanent wave, pop",91.0,55209659.0,0
1buzCmyYZE4kcdLRudsb8V,Mikky Ekko,nashville indie,69.0,140499.0,0
0EmeFodog0BfCgMzAIvKQp,Shakira,"colombian pop, dance pop, latin pop, pop",88.0,35725033.0,0
2EMAnMvWE2eb56ToJVfCWs,Bryson Tiller,"kentucky hip hop, r&b, rap",83.0,9307125.0,1
0QHgL1lAIqAw0HtD7YldmP,DJ Khaled,"hip hop, miami hip hop, pop rap, rap",76.0,11785606.0,1
