track_id,track_name,album_id,album_name,artist_id,artist_name,duration_ms,preview_url
78BmYl1yiYj2dP2BUZPMrU,Prove Me Wrong,5aLTYIjHs4gctDSfsNosvb,Unknown,1sBkRIssrMs1AbVkOJbc7a,"Rick Ross, Devin The Dude, Jiggolo",240120,
0M0bQwQPtovIKzJoF97yxd,Bird Bath - Feat. Noah,5aLTYIjHs4gctDSfsNosvb,Unknown,1sBkRIssrMs1AbVkOJbc7a,"Rick Ross, Noah",258453,
6yLrm0qobB6vvTXGekPgRS,B.L.O.W.,5aLTYIjHs4gctDSfsNosvb,Unknown,1sBkRIssrMs1AbVkOJbc7a,"Rick Ross, Clipse",254760,
0FZx398hGmvMcabikOSxKn,Realest Ni**as,5aLTYIjHs4gctDSfsNosvb,Unknown,1sBkRIssrMs1AbVkOJbc7a,"Rick Ross, Gillie Da Kid, Reed Dollarz",231146,
3y7WUJkrrcNgY3SDwQwY5a,Simple And Plain,5aLTYIjHs4gctDSfsNosvb,Unknown,1sBkRIssrMs1AbVkOJbc7a,Rick Ross,227960,
5gtvpN0r8QlNWm4xldIb1r,Dear Lord,5aLTYIjHs4gctDSfsNosvb,Unknown,1sBkRIssrMs1AbVkOJbc7a,"Rick Ross, Scarface",183706,
39bsONDQF9akaCPI67YepV,Skit,5aLTYIjHs4gctDSfsNosvb,Unknown,1sBkRIssrMs1AbVkOJbc7a,Rick Ross,28720,
2kq8NnNPK5ELhHO9jrCHoO,Been,5aLTYIjHs4gctDSfsNosvb,Unknown,1sBkRIssrMs1AbVkOJbc7a,Jiggolo,249813,
6Y0iua242B9tlf2ecCm4ny,"Breathe In, Breathe Out",5aLTYIjHs4gctDSfsNosvb,Unknown,1sBkRIssrMs1AbVkOJbc7a,Jiggolo,271893,
0ZneSDXPDLhxC9GQXotTDa,737,5aLTYIjHs4gctDSfsNosvb,Unknown,1sBkRIssrMs1AbVkOJbc7a,Jiggolo,288893,
3blTnqUF3dZuDO0xeGcIfJ,Trilla Intro - Bonus Track (Explicit),4p64nRgh9PnMvojkk2Xj4t,Unknown,1sBkRIssrMs1AbVkOJbc7a,Rick Ross,174333,
06owCWrrVfT1mdxktGRjV8,All I Have In This World,4p64nRgh9PnMvojkk2Xj4t,Unknown,1sBkRIssrMs1AbVkOJbc7a,"Rick Ross, Mannie Fresh",242253,
67LLvp5hpAtJRZQa7frobT,The Boss,4p64nRgh9PnMvojkk2Xj4t,Unknown,1sBkRIssrMs1AbVkOJbc7a,"Rick Ross, T-Pain",225653,
6nlcnA5tnGSFUBa3RaiLdM,Speedin',4p64nRgh9PnMvojkk2Xj4t,Unknown,1sBkRIssrMs1AbVkOJbc7a,"Rick Ross, R. Kelly",204960,
4BW5tBeNGybBErFZmYhwFK,We Shinin',4p64nRgh9PnMvojkk2Xj4t,Unknown,1sBkRIssrMs1AbVkOJbc7a,Rick Ross,236533,
4zifs1bLQZsDl8vmBTaIy5,Money Make Me Come,4p64nRgh9PnMvojkk2Xj4t,Unknown,1sBkRIssrMs1AbVkOJbc7a,"Rick Ross, EbonyLove",211173,
4zOUGUKrHsyTbaZOHDTIfN,DJ Khaled Interlude,4p64nRgh9PnMvojkk2Xj4t,Unknown,1sBkRIssrMs1AbVkOJbc7a,Rick Ross,88840,
6U9PTOmGNeXSqAOcmQSRQv,This Is The Life,4p64nRgh9PnMvojkk2Xj4t,Unknown,1sBkRIssrMs1AbVkOJbc7a,"Rick Ross, Trey Songz",265440,
13yg1NCb9zpZqo0gzSdAzY,This Me,4p64nRgh9PnMvojkk2Xj4t,Unknown,1sBkRIssrMs1AbVkOJbc7a,Rick Ross,227093,
55E78MhBGQ4IPZcQ3R5BAH,Here I Am,4p64nRgh9PnMvojkk2Xj4t,Unknown,1sBkRIssrMs1AbVkOJbc7a,"Rick Ross, Nelly, Avery Storm",209546,
4Q6EspoPzKJ0JDEZiq1Rf2,Maybach Music,4p64nRgh9PnMvojkk2Xj4t,Unknown,1sBkRIssrMs1AbVkOJbc7a,"Rick Ross, JAY-Z",248386,
65pfGzXkt0sLL7bhE9GNp0,Billionaire,4p64nRgh9PnMvojkk2Xj4t,Unknown,1sBkRIssrMs1AbVkOJbc7a,Rick Ross,252440,
3UqQzYMwhr3p1XDqEqY9mn,Luxury Tax,4p64nRgh9PnMvojkk2Xj4t,Unknown,1sBkRIssrMs1AbVkOJbc7a,"Rick Ross, Lil Wayne, Jeezy, Trick Daddy",283653,
5p8Dxs1UpJFgfkuVM53THB,Reppin My City,4p64nRgh9PnMvojkk2Xj4t,Unknown,1sBkRIssrMs1AbVkOJbc7a,"Rick Ross, Triple C, Brisco",257413,
3QSiuKRUai74QZZAEbOtXo,I'm Only Human,4p64nRgh9PnMvojkk2Xj4t,Unknown,1sBkRIssrMs1AbVkOJbc7a,"Rick Ross, Rodney",219680,
61l3KSWMw60BtgUG4nQoNV,Ridin' Thru The Ghetto - Bonus Track (Explicit),4p64nRgh9PnMvojkk2Xj4t,Unknown,1sBkRIssrMs1AbVkOJbc7a,"Rick Ross, Triple C",303106,
4AINEIbH09FNPlvxJtOL5N,Intro,42T8qfRs7jdpInsSk6nDJk,Unknown,1sBkRIssrMs1AbVkOJbc7a,Rick Ross,23973,
39SQnz9u6zd91nZdaPmmJK,Push It,42T8qfRs7jdpInsSk6nDJk,Unknown,1sBkRIssrMs1AbVkOJbc7a,Rick Ross,208600,
6TroTGBpRvWtMT05BILA9a,Blow,42T8qfRs7jdpInsSk6nDJk,Unknown,1sBkRIssrMs1AbVkOJbc7a,"Rick Ross, Dre",250400,
3hQCHzkE5oSA3F1xM8bpcM,Hustlin',42T8qfRs7jdpInsSk6nDJk,Unknown,1sBkRIssrMs1AbVkOJbc7a,Rick Ross,254093,
0nknOqXnaKndx2OWkhZKNZ,Cross That Line,42T8qfRs7jdpInsSk6nDJk,Unknown,1sBkRIssrMs1AbVkOJbc7a,"Rick Ross, Akon",273920,
53oSpJOo8Mmy5cs5nHJeFy,I'm Bad,42T8qfRs7jdpInsSk6nDJk,Unknown,1sBkRIssrMs1AbVkOJbc7a,Rick Ross,233786,
5TUOSvBFNZ9RZZEJe2UFph,Boss,42T8qfRs7jdpInsSk6nDJk,Unknown,1sBkRIssrMs1AbVkOJbc7a,"Rick Ross, Dre",280200,
7qqonljwcAKUKW5vmJw4om,For Da Low,42T8qfRs7jdpInsSk6nDJk,Unknown,1sBkRIssrMs1AbVkOJbc7a,Rick Ross,260986,
1eR7O53nKjPk58DYEinO0Y,Where My Money (I Need That),42T8qfRs7jdpInsSk6nDJk,Unknown,1sBkRIssrMs1AbVkOJbc7a,Rick Ross,271813,
3eQT5BfKPyu63e3gso55oo,Get Away,42T8qfRs7jdpInsSk6nDJk,Unknown,1sBkRIssrMs1AbVkOJbc7a,"Rick Ross, Mario Winans",246360,
2RprT9u7gGFoW8ggZOH7Q3,Hit U From The Back,42T8qfRs7jdpInsSk6nDJk,Unknown,1sBkRIssrMs1AbVkOJbc7a,"Rick Ross, Rodney",305773,
2Yg88xM182P5amYJbgshA5,White House,42T8qfRs7jdpInsSk6nDJk,Unknown,1sBkRIssrMs1AbVkOJbc7a,Rick Ross,241066,
58tjVrCfCSsd2wMHlX7BNI,Pots and Pans,42T8qfRs7jdpInsSk6nDJk,Unknown,1sBkRIssrMs1AbVkOJbc7a,"Rick Ross, J Rock",275506,
0flYos5C5cxdYWwfD57NzB,It's My Time,42T8qfRs7jdpInsSk6nDJk,Unknown,1sBkRIssrMs1AbVkOJbc7a,"Rick Ross, Lyfe Jennings",255613,
0UCcnXVYoOr8UEL0Au5yAP,Street Life,42T8qfRs7jdpInsSk6nDJk,Unknown,1sBkRIssrMs1AbVkOJbc7a,"Rick Ross, Lloyd",247040,
3ONiTtfQtVjcUq0Cz8bPLJ,Hustlin' - Remix,42T8qfRs7jdpInsSk6nDJk,Unknown,1sBkRIssrMs1AbVkOJbc7a,"Rick Ross, JAY-Z, Jeezy",284280,
1FEVD3JEFqwFTLTpn5Inza,It Ain't A Problem,42T8qfRs7jdpInsSk6nDJk,Unknown,1sBkRIssrMs1AbVkOJbc7a,"Rick Ross, Carol City Cartel",227613,
7xJl2SNQT9ZqgXpiPXprnr,I'm A G,42T8qfRs7jdpInsSk6nDJk,Unknown,1sBkRIssrMs1AbVkOJbc7a,"Rick Ross, Lil Wayne, Brisco",255400,
2qzTduEZgrGZ3RYA2dx5jy,Prayer,42T8qfRs7jdpInsSk6nDJk,Unknown,1sBkRIssrMs1AbVkOJbc7a,Rick Ross,248386,
1uftnTuei3ckZpNZxHKgRJ,Intro,6ZnMFVV5HDv2xmHG7bn7et,Unknown,6DPYiyq5kWVQS4RGwxzPC7,Dr. Dre,75226,
44uZZ2tn0ucKwFrqJdhLTE,Talk About It,6ZnMFVV5HDv2xmHG7bn7et,Unknown,6DPYiyq5kWVQS4RGwxzPC7,"Dr. Dre, Mez, Justus",195013,
7GW98M7bhqIqLGpxxStZWP,Genocide,6ZnMFVV5HDv2xmHG7bn7et,Unknown,6DPYiyq5kWVQS4RGwxzPC7,"Dr. Dre, Kendrick Lamar, Marsha Ambrosius, Candice Pillay",266506,
57KXAlfzVwxhBtHkvMatrd,It's All On Me,6ZnMFVV5HDv2xmHG7bn7et,Unknown,6DPYiyq5kWVQS4RGwxzPC7,"Dr. Dre, Justus, BJ The Chicago Kid",227653,
53RG6rDqEvGDsZ0Ijr3ur1,All In A Day's Work,6ZnMFVV5HDv2xmHG7bn7et,Unknown,6DPYiyq5kWVQS4RGwxzPC7,"Dr. Dre, Anderson .Paak, Marsha Ambrosius",313760,
5ZEdSY99Mj5U4MIF97EKER,Darkside/Gone,6ZnMFVV5HDv2xmHG7bn7et,Unknown,6DPYiyq5kWVQS4RGwxzPC7,"Dr. Dre, Mez, Marsha Ambrosius, Kendrick Lamar",233906,
5Pkik37ckb0NKfsxkVH5Ky,Loose Cannons,6ZnMFVV5HDv2xmHG7bn7et,Unknown,6DPYiyq5kWVQS4RGwxzPC7,"Dr. Dre, Xzibit, Cold 187um, Sly Pyper",253053,
1658HFZEblbVdqU1VBPqDO,Issues,6ZnMFVV5HDv2xmHG7bn7et,Unknown,6DPYiyq5kWVQS4RGwxzPC7,"Dr. Dre, Ice Cube, Anderson .Paak, Dem Jointz",221933,
7LUOpegdxmYkaHjJXdHuZ3,Deep Water,6ZnMFVV5HDv2xmHG7bn7et,Unknown,6DPYiyq5kWVQS4RGwxzPC7,"Dr. Dre, Kendrick Lamar, Justus, Anderson .Paak",311360,
34jHDKV7cNwRLl2NU1zPJq,One Shot One Kill,6ZnMFVV5HDv2xmHG7bn7et,Unknown,6DPYiyq5kWVQS4RGwxzPC7,"Jon Connor, Snoop Dogg",205893,
2LQTHb4rEtKpxQgeqdesmc,Just Another Day,6ZnMFVV5HDv2xmHG7bn7et,Unknown,6DPYiyq5kWVQS4RGwxzPC7,"The Game, Asia Bryant",141866,
1pk4C9uzUEiraK51CS2xyz,For The Love Of Money,6ZnMFVV5HDv2xmHG7bn7et,Unknown,6DPYiyq5kWVQS4RGwxzPC7,"Dr. Dre, Jill Scott, Jon Connor, Anderson .Paak",248440,
4EhfGgpcTjxRaRVCsEP9lO,Satisfiction,6ZnMFVV5HDv2xmHG7bn7et,Unknown,6DPYiyq5kWVQS4RGwxzPC7,"Dr. Dre, Snoop Dogg, Marsha Ambrosius, Mez",264453,
6EOu0P4RPxZZB8QNeYrvs2,Animals,6ZnMFVV5HDv2xmHG7bn7et,Unknown,6DPYiyq5kWVQS4RGwxzPC7,"Dr. Dre, Anderson .Paak",227253,
3hZnp7n8WI3UnnURw1i1DF,Medicine Man,6ZnMFVV5HDv2xmHG7bn7et,Unknown,6DPYiyq5kWVQS4RGwxzPC7,"Dr. Dre, Eminem, Candice Pillay, Anderson .Paak",254306,
7KZs2C1UGjrIfVXXuvtb20,Talking To My Diary,6ZnMFVV5HDv2xmHG7bn7et,Unknown,6DPYiyq5kWVQS4RGwxzPC7,Dr. Dre,263226,
39uYsRjlcDPkKsdGm9x9RC,Lolo (Intro) - Instrumental,3t3Ar2cJUVLY6yTRmrezI8,Unknown,6DPYiyq5kWVQS4RGwxzPC7,Dr. Dre,41800,
3SZGpUvsQHQI3Hx28gXvZ9,The Watcher - Instrumental,3t3Ar2cJUVLY6yTRmrezI8,Unknown,6DPYiyq5kWVQS4RGwxzPC7,Dr. Dre,206666,
0630ov9WE1ER3rSnBPNPIr,Fuck You - Instrumental,3t3Ar2cJUVLY6yTRmrezI8,Unknown,6DPYiyq5kWVQS4RGwxzPC7,Dr. Dre,187600,
3n4cCOBMqolImjZXPwWg1f,Still D.R.E. - Instrumental,3t3Ar2cJUVLY6yTRmrezI8,Unknown,6DPYiyq5kWVQS4RGwxzPC7,Dr. Dre,268026,
6npl1pkxSY8xYzmnCqq9qJ,Big Ego's - Instrumental,3t3Ar2cJUVLY6yTRmrezI8,Unknown,6DPYiyq5kWVQS4RGwxzPC7,Dr. Dre,209466,
6IPlwxIq7t3bFD18w9MZoQ,Xxplosive - Instrumental,3t3Ar2cJUVLY6yTRmrezI8,Unknown,6DPYiyq5kWVQS4RGwxzPC7,Dr. Dre,215440,
2VgWoQTUcpfJ3cAG9znNHo,What's The Difference - Instrumental,3t3Ar2cJUVLY6yTRmrezI8,Unknown,6DPYiyq5kWVQS4RGwxzPC7,Dr. Dre,244266,
5NHyIe6o0hQe0O5jdqz7JE,Bar One - Instrumental,3t3Ar2cJUVLY6yTRmrezI8,Unknown,6DPYiyq5kWVQS4RGwxzPC7,Dr. Dre,51733,
7mjEwnfmPvRW56YfCOIolZ,Light Speed - Instrumental,3t3Ar2cJUVLY6yTRmrezI8,Unknown,6DPYiyq5kWVQS4RGwxzPC7,Dr. Dre,160360,
1By47qyUdbc8sKXKLuWGDH,Forgot About Dre - Instrumental,3t3Ar2cJUVLY6yTRmrezI8,Unknown,6DPYiyq5kWVQS4RGwxzPC7,"Dr. Dre, Eminem",229573,
4BmWbWeiHVAv6lMabQTn3Y,The Next Episode - Instrumental,3t3Ar2cJUVLY6yTRmrezI8,Unknown,6DPYiyq5kWVQS4RGwxzPC7,Dr. Dre,161293,
67uLOzEoSlWcYt1Qgh8y7g,Let's Get High - Instrumental,3t3Ar2cJUVLY6yTRmrezI8,Unknown,6DPYiyq5kWVQS4RGwxzPC7,Dr. Dre,148773,
41ObHInrlNtjZgplDkN53Q,Bitch Niggaz - Instrumental,3t3Ar2cJUVLY6yTRmrezI8,Unknown,6DPYiyq5kWVQS4RGwxzPC7,Dr. Dre,259733,
1hxAysQ6OBMsJMaMbmu2Es,Murder Ink - Instrumental,3t3Ar2cJUVLY6yTRmrezI8,Unknown,6DPYiyq5kWVQS4RGwxzPC7,Dr. Dre,159333,
3kEGurq6qlp6SDaF16J8QU,Some L.A. Niggaz - Instrumental,3t3Ar2cJUVLY6yTRmrezI8,Unknown,6DPYiyq5kWVQS4RGwxzPC7,Dr. Dre,265333,
65OS5Rcn997vHiQ6OprXfV,Pause 4 Porno - Instrumental,3t3Ar2cJUVLY6yTRmrezI8,Unknown,6DPYiyq5kWVQS4RGwxzPC7,Dr. Dre,86893,
26uTY4l00AqNVci8DEMZaQ,Housewife - Instrumental,3t3Ar2cJUVLY6yTRmrezI8,Unknown,6DPYiyq5kWVQS4RGwxzPC7,Dr. Dre,227440,
6vrHX9KDdsLHGnmDk9aU69,Ackrite - Instrumental,3t3Ar2cJUVLY6yTRmrezI8,Unknown,6DPYiyq5kWVQS4RGwxzPC7,Dr. Dre,205560,
1ZLsfSPZFj4ti4xCZmehkX,Bang Bang - Instrumental,3t3Ar2cJUVLY6yTRmrezI8,Unknown,6DPYiyq5kWVQS4RGwxzPC7,Dr. Dre,223640,
2pHrydg5cuW3jjASAojVlS,The Message - Instrumental,3t3Ar2cJUVLY6yTRmrezI8,Unknown,6DPYiyq5kWVQS4RGwxzPC7,Dr. Dre,307426,
0GQQzmMNA7JE4tOdcSFh1C,Lolo - Intro,7q2B4M5EiBkqrlsNW8lB7N,Unknown,6DPYiyq5kWVQS4RGwxzPC7,"Dr. Dre, Xzibit, Tray Dee",41053,
1iQ5E4z6CJ38dIzvMI9Wdo,The Watcher,7q2B4M5EiBkqrlsNW8lB7N,Unknown,6DPYiyq5kWVQS4RGwxzPC7,"Dr. Dre, Eminem, Knoc-Turn'al",206546,
4FI0rdztOAYJZMupujL5Gp,Fuck You,7q2B4M5EiBkqrlsNW8lB7N,Unknown,6DPYiyq5kWVQS4RGwxzPC7,"Dr. Dre, Devin The Dude, Snoop Dogg",205453,
503OTo2dSqe7qk76rgsbep,Still D.R.E.,7q2B4M5EiBkqrlsNW8lB7N,Unknown,6DPYiyq5kWVQS4RGwxzPC7,"Dr. Dre, Snoop Dogg",270586,
2BMRUAA1oTc7e9JPlr6xbZ,Big Ego's,7q2B4M5EiBkqrlsNW8lB7N,Unknown,6DPYiyq5kWVQS4RGwxzPC7,"Dr. Dre, Hittman",238306,
0Ed7MeXx64f6OcIuoTRCg1,Xxplosive,7q2B4M5EiBkqrlsNW8lB7N,Unknown,6DPYiyq5kWVQS4RGwxzPC7,"Dr. Dre, Hittman, Six-Two, Nate Dogg, Kurupt",215200,
1SWVDBtw6h3tm9OehOkDhv,What's The Difference,7q2B4M5EiBkqrlsNW8lB7N,Unknown,6DPYiyq5kWVQS4RGwxzPC7,"Dr. Dre, Eminem, Xzibit",244200,
0WWem437MQdylQuXxzE80H,Bar One,7q2B4M5EiBkqrlsNW8lB7N,Unknown,6DPYiyq5kWVQS4RGwxzPC7,"Dr. Dre, Traci Nelson, Ms. Roq, Eddie Griffin",50653,
1WvuZsXHaH2qNAtvrQY6SX,Light Speed,7q2B4M5EiBkqrlsNW8lB7N,Unknown,6DPYiyq5kWVQS4RGwxzPC7,"Dr. Dre, Hittman",160973,
7iXF2W9vKmDoGAhlHdpyIa,Forgot About Dre,7q2B4M5EiBkqrlsNW8lB7N,Unknown,6DPYiyq5kWVQS4RGwxzPC7,"Dr. Dre, Eminem",222293,
4LwU4Vp6od3Sb08CsP99GC,The Next Episode,7q2B4M5EiBkqrlsNW8lB7N,Unknown,6DPYiyq5kWVQS4RGwxzPC7,"Dr. Dre, Snoop Dogg",161506,
0EZMXJMWf0tLKRWwCiA6Sx,Let's Get High,7q2B4M5EiBkqrlsNW8lB7N,Unknown,6DPYiyq5kWVQS4RGwxzPC7,"Dr. Dre, Hittman, Ms. Roq, Kurupt",147426,
5XkeTGKcCkGF8l6fA9YpsS,Bitch Niggaz,7q2B4M5EiBkqrlsNW8lB7N,Unknown,6DPYiyq5kWVQS4RGwxzPC7,"Dr. Dre, Hittman, Six-Two, Snoop Dogg",253560,
4PX9Ga99IMqlbgKucTxupc,The Car Bomb,7q2B4M5EiBkqrlsNW8lB7N,Unknown,6DPYiyq5kWVQS4RGwxzPC7,"Dr. Dre, Mel-Man, Charis Henry",60893,
0zkE78jc1kjLXrTYd9ZxpO,Murder Ink,7q2B4M5EiBkqrlsNW8lB7N,Unknown,6DPYiyq5kWVQS4RGwxzPC7,"Dr. Dre, Hittman, Ms. Roq",148293,
0J2u6TAolef5gZEVy1HErU,Ed-Ucation,7q2B4M5EiBkqrlsNW8lB7N,Unknown,6DPYiyq5kWVQS4RGwxzPC7,"Dr. Dre, Hittman, Ms. Roq, Eddie Griffin",92146,
4VZPYvMTByQytb6F3MKP4w,Some L.A. Niggaz,7q2B4M5EiBkqrlsNW8lB7N,Unknown,6DPYiyq5kWVQS4RGwxzPC7,"Dr. Dre, Hittman, Ms. Roq, Knoc-Turn'al, The Time Bomb, Koka Kambon, DEFARI, MC Ren, Xzibit",265213,
6ALtdfVnklY8xp9bUBKVEP,Pause 4 Porno,7q2B4M5EiBkqrlsNW8lB7N,Unknown,6DPYiyq5kWVQS4RGwxzPC7,"Dr. Dre, Jake Steed",92680,
0Wik64zBKFTNoNjTpG70OH,Housewife,7q2B4M5EiBkqrlsNW8lB7N,Unknown,6DPYiyq5kWVQS4RGwxzPC7,"Dr. Dre, Hittman, Kurupt",242680,
4NGS3j6JmOx6VUaXt6VQbj,Ackrite,7q2B4M5EiBkqrlsNW8lB7N,Unknown,6DPYiyq5kWVQS4RGwxzPC7,"Dr. Dre, Hittman",219933,
2sXaZphe2LlqAyZVKvHbU1,Bang Bang,7q2B4M5EiBkqrlsNW8lB7N,Unknown,6DPYiyq5kWVQS4RGwxzPC7,"Dr. Dre, Hittman, Knoc-Turn'al",222320,
6WgxXdBZrtdQFGBcxQxpiv,The Message,7q2B4M5EiBkqrlsNW8lB7N,Unknown,6DPYiyq5kWVQS4RGwxzPC7,"Dr. Dre, Mary J. Blige, Rell",304026,
4rmK0BSBLMiwNJ6iwWXJm1,Outro,7q2B4M5EiBkqrlsNW8lB7N,Unknown,6DPYiyq5kWVQS4RGwxzPC7,Thomas Chong,25746,
0LskV3ejYLWa6Ew2d4tcf4,The Chronic (Intro),2V5rhszUpCudPcb01zevOt,Unknown,6DPYiyq5kWVQS4RGwxzPC7,"Dr. Dre, Snoop Dogg",117093,
21NA5Zggba7pyACm25h6k4,Fuck Wit Dre Day (And Everybody's Celebratin'),2V5rhszUpCudPcb01zevOt,Unknown,6DPYiyq5kWVQS4RGwxzPC7,"Dr. Dre, Snoop Dogg, RBX, Jewell",291053,
36yUCSB9OaMz0RMUQDOSpT,Let Me Ride,2V5rhszUpCudPcb01zevOt,Unknown,6DPYiyq5kWVQS4RGwxzPC7,"Dr. Dre, Snoop Dogg, RBX, Jewell",260333,
4hk5l9HA43xFO0fFOh2hTt,The Day The Niggaz Took Over,2V5rhszUpCudPcb01zevOt,Unknown,6DPYiyq5kWVQS4RGwxzPC7,"Dr. Dre, Daz, Snoop Dogg, RBX",273066,
5Tbpp3OLLClPJF8t1DmrFD,"Nuthin' But A ""G"" Thang",2V5rhszUpCudPcb01zevOt,Unknown,6DPYiyq5kWVQS4RGwxzPC7,"Dr. Dre, Snoop Dogg",237573,
1SZqIkhIYVM4H2gDUfOqtk,Deeez Nuuuts,2V5rhszUpCudPcb01zevOt,Unknown,6DPYiyq5kWVQS4RGwxzPC7,"Dr. Dre, Warren G, Snoop Dogg, Daz, Nate Dogg",306653,
77tHKMBRVkxOugr1Z3N4et,Lil' Ghetto Boy,2V5rhszUpCudPcb01zevOt,Unknown,6DPYiyq5kWVQS4RGwxzPC7,"Dr. Dre, Daz, Snoop Dogg",324960,
5I6w5Y3RIfzZ9tpdMPXfcu,A Nigga Witta Gun,2V5rhszUpCudPcb01zevOt,Unknown,6DPYiyq5kWVQS4RGwxzPC7,Dr. Dre,231293,
4uxRsPpOJwRu7CykJBqdt8,Rat-Tat-Tat-Tat,2V5rhszUpCudPcb01zevOt,Unknown,6DPYiyq5kWVQS4RGwxzPC7,"Dr. Dre, RBX, Snoop Dogg, BJ",227960,
38RzqEAX9ctRbneaXCMJJI,The $20 Sack Pyramid,2V5rhszUpCudPcb01zevOt,Unknown,6DPYiyq5kWVQS4RGwxzPC7,"Dr. Dre, DOC",172560,
30ljh6uu9OROHQiXDHfwMS,Lyrical Gangbang,2V5rhszUpCudPcb01zevOt,Unknown,6DPYiyq5kWVQS4RGwxzPC7,Dr. Dre,244293,
2hioKqVvYhioD50i2BVgdm,High Powered,2V5rhszUpCudPcb01zevOt,Unknown,6DPYiyq5kWVQS4RGwxzPC7,"Dr. Dre, The Lady Of Rage, RBX, Daz",163680,
7qpuJMBZ1N6mDSb3K5Jz7Z,The Doctor's Office,2V5rhszUpCudPcb01zevOt,Unknown,6DPYiyq5kWVQS4RGwxzPC7,"Dr. Dre, Jewell, The Lady Of Rage",63733,
30f3BvAdiGmQXOmXXwLL3h,Stranded On Death Row,2V5rhszUpCudPcb01zevOt,Unknown,6DPYiyq5kWVQS4RGwxzPC7,"Dr. Dre, Kurupt, RBX, The Lady Of Rage, Snoop Dogg, Bushwick Bill",286053,
2gEzqLyw5nYbvNPv1XOCN4,The Roach (The Chronic Outro),2V5rhszUpCudPcb01zevOt,Unknown,6DPYiyq5kWVQS4RGwxzPC7,Dr. Dre,275840,
22763wCAdRd1wwwCN3CU8u,Bitches Ain't Shit,2V5rhszUpCudPcb01zevOt,Unknown,6DPYiyq5kWVQS4RGwxzPC7,"Dr. Dre, Snoop Dogg, Daz, Kurupt, Jewell",288800,
6A5axPueEwxqUdi5JtZlpW,ThankU (feat. Dave Chappelle),0LlzHi8Erl8zpTumqt88Qe,Unknown,3jK9MiCrA42lLAdMGUZpwa,"NxWorries, Anderson .Paak, Knxwledge, Dave Chappelle",50786,
7i6p1kY8DrZkDFoWi5vxu4,86Sentra,0LlzHi8Erl8zpTumqt88Qe,Unknown,3jK9MiCrA42lLAdMGUZpwa,"NxWorries, Anderson .Paak, Knxwledge",96009,
6NkpXwmHBAWYQmMDV0AVdw,MoveOn,0LlzHi8Erl8zpTumqt88Qe,Unknown,3jK9MiCrA42lLAdMGUZpwa,"NxWorries, Anderson .Paak, Knxwledge",167894,
0idhCXzizPkiwfUnhM28ld,KeepHer (feat. Thundercat),0LlzHi8Erl8zpTumqt88Qe,Unknown,3jK9MiCrA42lLAdMGUZpwa,"NxWorries, Anderson .Paak, Knxwledge, Thundercat",254395,
4k8AO5jk774WA6mg9YCxSG,Distractions,0LlzHi8Erl8zpTumqt88Qe,Unknown,3jK9MiCrA42lLAdMGUZpwa,"NxWorries, Anderson .Paak, Knxwledge",109051,
3JTM7oeDEd7nk2ids9T3IS,Lookin’,0LlzHi8Erl8zpTumqt88Qe,Unknown,3jK9MiCrA42lLAdMGUZpwa,"NxWorries, Anderson .Paak, Knxwledge",54562,
2Un1CELOG7WHLBUd7Yvtlp,Where I Go (feat. H.E.R.),0LlzHi8Erl8zpTumqt88Qe,Unknown,3jK9MiCrA42lLAdMGUZpwa,"NxWorries, Anderson .Paak, H.E.R., Knxwledge",198448,
1YZmYp9jZ4Veq6lZpiuV69,Daydreaming,0LlzHi8Erl8zpTumqt88Qe,Unknown,3jK9MiCrA42lLAdMGUZpwa,"NxWorries, Anderson .Paak, Knxwledge",181741,
16cmGQ7H77HhKSPftzB5iI,FromHere (feat. Snoop Dogg & October London),0LlzHi8Erl8zpTumqt88Qe,Unknown,3jK9MiCrA42lLAdMGUZpwa,"NxWorries, Anderson .Paak, Knxwledge, Snoop Dogg, October London",241511,
4Us0U2Q8UQTkysi9cs6hKT,FallThru,0LlzHi8Erl8zpTumqt88Qe,Unknown,3jK9MiCrA42lLAdMGUZpwa,"NxWorries, Anderson .Paak, Knxwledge",141196,
36GWtBcdwjL6XlVe3XhroD,Battlefield,0LlzHi8Erl8zpTumqt88Qe,Unknown,3jK9MiCrA42lLAdMGUZpwa,"NxWorries, Anderson .Paak, Knxwledge",218140,
04BcI0Ptc7lDAWNXb1MK3k,HereIAm,0LlzHi8Erl8zpTumqt88Qe,Unknown,3jK9MiCrA42lLAdMGUZpwa,"NxWorries, Anderson .Paak, Knxwledge",94204,
0IPG2jOqjMz3PAIeh4NhXW,OutTheWay (feat. Rae Khalil),0LlzHi8Erl8zpTumqt88Qe,Unknown,3jK9MiCrA42lLAdMGUZpwa,"NxWorries, Anderson .Paak, Knxwledge, Rae Khalil",206383,
5mcGLeUeelESgoTAj4LbnL,SheUsed,0LlzHi8Erl8zpTumqt88Qe,Unknown,3jK9MiCrA42lLAdMGUZpwa,"NxWorries, Anderson .Paak, Knxwledge",156803,
6NVY8htxO88vGie5va5T5L,MoreOfIt,0LlzHi8Erl8zpTumqt88Qe,Unknown,3jK9MiCrA42lLAdMGUZpwa,"NxWorries, Anderson .Paak, Knxwledge",72425,
2Jm56bcnfft4thtrbN9SW4,NVR.RMX (feat. Charlie Wilson),0LlzHi8Erl8zpTumqt88Qe,Unknown,3jK9MiCrA42lLAdMGUZpwa,"NxWorries, Anderson .Paak, Knxwledge, Charlie Wilson",78933,
7BA1YwPLOPTmlkYCWRoPzW,"DistantSpace (feat. The Last Artful, Dodgr)",0LlzHi8Erl8zpTumqt88Qe,Unknown,3jK9MiCrA42lLAdMGUZpwa,"NxWorries, Anderson .Paak, Knxwledge, The Last Artful, Dodgr",83462,
36dXojpK4JbefZoCLRVVMF,WalkOnBy (feat. Earl Sweatshirt & Rae Khalil),0LlzHi8Erl8zpTumqt88Qe,Unknown,3jK9MiCrA42lLAdMGUZpwa,"NxWorries, Anderson .Paak, Knxwledge, Earl Sweatshirt, Rae Khalil",227409,
3kqe4nIjKi7dKrrYxJvz4j,EvnMore,0LlzHi8Erl8zpTumqt88Qe,Unknown,3jK9MiCrA42lLAdMGUZpwa,"NxWorries, Anderson .Paak, Knxwledge",25562,
4K09vJ27xCOreumtSuU6Ao,Silk Sonic Intro,4VZ7jhV0wHpoNPCB7Vmiml,Unknown,3jK9MiCrA42lLAdMGUZpwa,"Bruno Mars, Anderson .Paak, Silk Sonic",63060,
4pryE6cN2gFL1FVF5fYINl,Leave The Door Open,4VZ7jhV0wHpoNPCB7Vmiml,Unknown,3jK9MiCrA42lLAdMGUZpwa,"Bruno Mars, Anderson .Paak, Silk Sonic",242096,
7suB6D6uKX5DfPukdGaz0W,Fly As Me,4VZ7jhV0wHpoNPCB7Vmiml,Unknown,3jK9MiCrA42lLAdMGUZpwa,"Bruno Mars, Anderson .Paak, Silk Sonic",219389,
6jGAh1bFnXt1Muj9zeHveZ,After Last Night (with Thundercat & Bootsy Collins),4VZ7jhV0wHpoNPCB7Vmiml,Unknown,3jK9MiCrA42lLAdMGUZpwa,"Bruno Mars, Anderson .Paak, Silk Sonic, Thundercat, Bootsy Collins",249444,
1oERlssLrpssCAY6Yqqs6c,Smokin Out The Window,4VZ7jhV0wHpoNPCB7Vmiml,Unknown,3jK9MiCrA42lLAdMGUZpwa,"Bruno Mars, Anderson .Paak, Silk Sonic",197442,
5lka5RUbLVQGO94mKAPMRO,Put On A Smile,4VZ7jhV0wHpoNPCB7Vmiml,Unknown,3jK9MiCrA42lLAdMGUZpwa,"Bruno Mars, Anderson .Paak, Silk Sonic",255455,
2K6vUau7bnZUamjbRSOOvJ,777,4VZ7jhV0wHpoNPCB7Vmiml,Unknown,3jK9MiCrA42lLAdMGUZpwa,"Bruno Mars, Anderson .Paak, Silk Sonic",165000,
3WTWh2WDk4j8GUCGj4xfOd,Skate,4VZ7jhV0wHpoNPCB7Vmiml,Unknown,3jK9MiCrA42lLAdMGUZpwa,"Bruno Mars, Anderson .Paak, Silk Sonic",203122,
2ALh2jqA7KldpHMUHvRomw,Love's Train,4VZ7jhV0wHpoNPCB7Vmiml,Unknown,3jK9MiCrA42lLAdMGUZpwa,"Bruno Mars, Anderson .Paak, Silk Sonic",307014,
2NqyjfDXy0XfXCSPXMsKzi,Blast Off,4VZ7jhV0wHpoNPCB7Vmiml,Unknown,3jK9MiCrA42lLAdMGUZpwa,"Bruno Mars, Anderson .Paak, Silk Sonic",284870,
7peGLxhD3Has6ajBPQrttk,Come Home - Instrumental,4a6u9TUkH1MW2zZkFUYlV0,Unknown,3jK9MiCrA42lLAdMGUZpwa,Anderson .Paak,266440,
3MDE1vCeIzkn9J90A8tblW,Make It Better - Instrumental,4a6u9TUkH1MW2zZkFUYlV0,Unknown,3jK9MiCrA42lLAdMGUZpwa,Anderson .Paak,218653,
4YEhzo4RIuNljOu6l6oWxq,Reachin' 2 Much - Instrumental,4a6u9TUkH1MW2zZkFUYlV0,Unknown,3jK9MiCrA42lLAdMGUZpwa,Anderson .Paak,356253,
0lvNXlEht8B9NQtwO44XRE,Winners Circle - Instrumental,4a6u9TUkH1MW2zZkFUYlV0,Unknown,3jK9MiCrA42lLAdMGUZpwa,Anderson .Paak,213973,
3UkCYDko7VncaozQav0kLG,Good Heels - Instrumental,4a6u9TUkH1MW2zZkFUYlV0,Unknown,3jK9MiCrA42lLAdMGUZpwa,Anderson .Paak,98840,
13CO4L2U5ZpkGbjsCKmJy1,Yada Yada - Instrumental,4a6u9TUkH1MW2zZkFUYlV0,Unknown,3jK9MiCrA42lLAdMGUZpwa,Anderson .Paak,210986,
2ysw13N67Nx2PvxZPkey0h,King James - Instrumental,4a6u9TUkH1MW2zZkFUYlV0,Unknown,3jK9MiCrA42lLAdMGUZpwa,Anderson .Paak,201306,
6ZusRUs6oqeS9QFs3RieLN,Chosen One - Instrumental,4a6u9TUkH1MW2zZkFUYlV0,Unknown,3jK9MiCrA42lLAdMGUZpwa,Anderson .Paak,234840,
7D1YY4ofOKjX3wB9HkadLK,Jet Black - Instrumental,4a6u9TUkH1MW2zZkFUYlV0,Unknown,3jK9MiCrA42lLAdMGUZpwa,Anderson .Paak,208493,
4Nd13iG7j59jSVgGZvwYL5,Twilight - Instrumental,4a6u9TUkH1MW2zZkFUYlV0,Unknown,3jK9MiCrA42lLAdMGUZpwa,Anderson .Paak,196160,
78vYMICIIGJ5eE6LP8iCuQ,What Can We Do? - Instrumental,4a6u9TUkH1MW2zZkFUYlV0,Unknown,3jK9MiCrA42lLAdMGUZpwa,Anderson .Paak,173786,
6RpunyUP44SDweJPDScLSF,Come Home (feat. André 3000),0YF8PfcGbsKg5IaFyPnlyY,Unknown,3jK9MiCrA42lLAdMGUZpwa,"Anderson .Paak, André 3000",266812,
4SBVWkRIMJ6WBCYPvr5Bwr,Make It Better (feat. Smokey Robinson),0YF8PfcGbsKg5IaFyPnlyY,Unknown,3jK9MiCrA42lLAdMGUZpwa,"Anderson .Paak, Smokey Robinson",219332,
577g1tDBKntqev2lLDydxs,Reachin' 2 Much (feat. Lalah Hathaway),0YF8PfcGbsKg5IaFyPnlyY,Unknown,3jK9MiCrA42lLAdMGUZpwa,"Anderson .Paak, Lalah Hathaway",355492,
3AN70xkC9i9fFBpKlukRhY,Winners Circle,0YF8PfcGbsKg5IaFyPnlyY,Unknown,3jK9MiCrA42lLAdMGUZpwa,Anderson .Paak,209237,
1BSZGNpIm2nBt1hWSK2bRp,Good Heels (feat. Jazmine Sullivan),0YF8PfcGbsKg5IaFyPnlyY,Unknown,3jK9MiCrA42lLAdMGUZpwa,"Anderson .Paak, Jazmine Sullivan",98249,
13UTQPeYjMFgalnk6rQ8sM,Yada Yada,0YF8PfcGbsKg5IaFyPnlyY,Unknown,3jK9MiCrA42lLAdMGUZpwa,Anderson .Paak,207687,
5ri4b7YQp2PWn8tl3MRYgE,King James,0YF8PfcGbsKg5IaFyPnlyY,Unknown,3jK9MiCrA42lLAdMGUZpwa,Anderson .Paak,197963,
0xmysmjwaEZfDeNlPUa8Iq,Chosen One (feat. Sonyae Elise),0YF8PfcGbsKg5IaFyPnlyY,Unknown,3jK9MiCrA42lLAdMGUZpwa,"Anderson .Paak, Sonyae",245412,
70pZIQqQ37SrNCADx0FiPN,Jet Black (feat. Brandy),0YF8PfcGbsKg5IaFyPnlyY,Unknown,3jK9MiCrA42lLAdMGUZpwa,"Anderson .Paak, Brandy",208395,
1ZFg3nGsUSqkwmMPU9qLHk,Twilight,0YF8PfcGbsKg5IaFyPnlyY,Unknown,3jK9MiCrA42lLAdMGUZpwa,Anderson .Paak,196221,
0kOxmoYqRXjAnc5ZfQ6TIs,What Can We Do? (feat. Nate Dogg),0YF8PfcGbsKg5IaFyPnlyY,Unknown,3jK9MiCrA42lLAdMGUZpwa,"Anderson .Paak, Nate Dogg",176036,
48Y9pNe30o273HGYKyMKj9,The Chase (feat. Kadhja Bonet),3rqqwtJE89WoWvMyPTvbZc,Unknown,3jK9MiCrA42lLAdMGUZpwa,"Anderson .Paak, Kadhja Bonet",203573,
0L38hbPRV0C4x6CH7WZe1W,Headlow (feat. Norelle),3rqqwtJE89WoWvMyPTvbZc,Unknown,3jK9MiCrA42lLAdMGUZpwa,"Anderson .Paak, Norelle",250773,
7c3SbTuufigBWURcICnAWy,Tints (feat. Kendrick Lamar),3rqqwtJE89WoWvMyPTvbZc,Unknown,3jK9MiCrA42lLAdMGUZpwa,"Anderson .Paak, Kendrick Lamar",268400,
4kHSIZyIEijaMuZpV8GS1p,Who R U?,3rqqwtJE89WoWvMyPTvbZc,Unknown,3jK9MiCrA42lLAdMGUZpwa,Anderson .Paak,168520,
0lG7iyNSstVOLV6faMIHdD,6 Summers,3rqqwtJE89WoWvMyPTvbZc,Unknown,3jK9MiCrA42lLAdMGUZpwa,Anderson .Paak,282986,
3LfnrqODEqXpp7s974cT4z,Saviers Road,3rqqwtJE89WoWvMyPTvbZc,Unknown,3jK9MiCrA42lLAdMGUZpwa,Anderson .Paak,144666,
4mnetrP6ozVrc5lkM07WP3,Smile/Petty (feat. Sonyae Elise),3rqqwtJE89WoWvMyPTvbZc,Unknown,3jK9MiCrA42lLAdMGUZpwa,"Anderson .Paak, Sonyae",282946,
6i0z6l4tMurGmW82VhzoLi,Mansa Musa (feat. Dr. Dre & Cocoa Sarai),3rqqwtJE89WoWvMyPTvbZc,Unknown,3jK9MiCrA42lLAdMGUZpwa,"Anderson .Paak, Cocoa Sarai, Dr. Dre",173066,
7GvKDZP30uHX0p8y3Kn6BM,Brother's Keeper (feat. Pusha T),3rqqwtJE89WoWvMyPTvbZc,Unknown,3jK9MiCrA42lLAdMGUZpwa,"Anderson .Paak, Pusha T",254280,
4n02GblHZte3q5AzcLHlIK,"Anywhere (feat. Snoop Dogg & The Last Artful, Dodgr)",3rqqwtJE89WoWvMyPTvbZc,Unknown,3jK9MiCrA42lLAdMGUZpwa,"Anderson .Paak, Snoop Dogg, The Last Artful, Dodgr",226493,
2lRe5wBRm4xaSKTbDn2vLD,Trippy (feat. J. Cole),3rqqwtJE89WoWvMyPTvbZc,Unknown,3jK9MiCrA42lLAdMGUZpwa,"Anderson .Paak, J. Cole",323586,
4qNijbGeHqlcFWrGrATFOX,Cheers (feat. Q-Tip),3rqqwtJE89WoWvMyPTvbZc,Unknown,3jK9MiCrA42lLAdMGUZpwa,"Anderson .Paak, Q-Tip",334733,
1eMWxSLN7rDSDSrvKSj8gS,Sweet Chick (feat. BJ The Chicago Kid),3rqqwtJE89WoWvMyPTvbZc,Unknown,3jK9MiCrA42lLAdMGUZpwa,"Anderson .Paak, BJ The Chicago Kid",237240,
5sEKWiSjsWKsmV9IOvYKhD,Left To Right,3rqqwtJE89WoWvMyPTvbZc,Unknown,3jK9MiCrA42lLAdMGUZpwa,Anderson .Paak,235400,
52GysPJ3rCVZU22hjWnRbi,The Chase - Instrumental,7gdfgCWRXLD9AYiWkz0zJB,Unknown,3jK9MiCrA42lLAdMGUZpwa,Anderson .Paak,171995,
56oEOc0pY8GG5n8HjEDGKF,Headlow - Instrumental,7gdfgCWRXLD9AYiWkz0zJB,Unknown,3jK9MiCrA42lLAdMGUZpwa,Anderson .Paak,211480,
3YGGVVwycwIkjEkHBXWJSO,Tints - Instrumental,7gdfgCWRXLD9AYiWkz0zJB,Unknown,3jK9MiCrA42lLAdMGUZpwa,Anderson .Paak,266889,
5PKOECiIT1jLp98vXvfU6d,Who R U? - Instrumental,7gdfgCWRXLD9AYiWkz0zJB,Unknown,3jK9MiCrA42lLAdMGUZpwa,Anderson .Paak,169280,
4UsbfDicBpFW4emGW14U0A,6 Summers - Instrumental,7gdfgCWRXLD9AYiWkz0zJB,Unknown,3jK9MiCrA42lLAdMGUZpwa,Anderson .Paak,281693,
0jPS2q6E8gsNLupi2rk94O,Saviers Road - Instrumental,7gdfgCWRXLD9AYiWkz0zJB,Unknown,3jK9MiCrA42lLAdMGUZpwa,Anderson .Paak,148480,
1fM7H6Z7GbxlM7jxTzZ94J,Smile/Petty - Instrumental,7gdfgCWRXLD9AYiWkz0zJB,Unknown,3jK9MiCrA42lLAdMGUZpwa,Anderson .Paak,286293,
5acoVKL63SkhQAVDRlv7uS,Mansa Musa - Instrumental,7gdfgCWRXLD9AYiWkz0zJB,Unknown,3jK9MiCrA42lLAdMGUZpwa,Anderson .Paak,171813,
1UqfB0IWo1iropmsJQqsWl,Brother's Keeper - Instrumental,7gdfgCWRXLD9AYiWkz0zJB,Unknown,3jK9MiCrA42lLAdMGUZpwa,Anderson .Paak,255466,
2e7CTpegxms8RL0a36l7ly,Anywhere - Instrumental,7gdfgCWRXLD9AYiWkz0zJB,Unknown,3jK9MiCrA42lLAdMGUZpwa,Anderson .Paak,233070,
4f8Nnu4CvlINSZeVykQVW0,Trippy - Instrumental,7gdfgCWRXLD9AYiWkz0zJB,Unknown,3jK9MiCrA42lLAdMGUZpwa,Anderson .Paak,300306,
6MNSRfGKrdHakm48sOJ4nr,Cheers - Instrumental,7gdfgCWRXLD9AYiWkz0zJB,Unknown,3jK9MiCrA42lLAdMGUZpwa,Anderson .Paak,332746,
44Q8S3OLIcRG5G1uK46a82,Sweet Chick - Instrumental,7gdfgCWRXLD9AYiWkz0zJB,Unknown,3jK9MiCrA42lLAdMGUZpwa,Anderson .Paak,206203,
4TbMamCgu9BGzBnL8Zvk8J,Left To Right - Instrumental,7gdfgCWRXLD9AYiWkz0zJB,Unknown,3jK9MiCrA42lLAdMGUZpwa,Anderson .Paak,228720,
01kDXQFFBXh2JoywBp5YB2,Alltypeofchnces,2ReXvwHIanvUYotGkSdr1d,Unknown,3jK9MiCrA42lLAdMGUZpwa,"NxWorries, Anderson .Paak, Knxwledge",52907,
6hSjykidXxF9XSr4QKhjqp,Livvin (Remix),2ReXvwHIanvUYotGkSdr1d,Unknown,3jK9MiCrA42lLAdMGUZpwa,"NxWorries, Anderson .Paak, Knxwledge",103196,
510PDnvahPcCN9hfXXk49l,Wngs (Remix),2ReXvwHIanvUYotGkSdr1d,Unknown,3jK9MiCrA42lLAdMGUZpwa,"NxWorries, Anderson .Paak, Knxwledge",93534,
1UxaMyv8fp1nJb1dKLEH67,Best One (Remix),2ReXvwHIanvUYotGkSdr1d,Unknown,3jK9MiCrA42lLAdMGUZpwa,"NxWorries, Anderson .Paak, Knxwledge",192294,
7E9dKCPZDkqvqLYxux4QyD,Kutless (Remix),2ReXvwHIanvUYotGkSdr1d,Unknown,3jK9MiCrA42lLAdMGUZpwa,"NxWorries, Anderson .Paak, Knxwledge",128513,
6hhiXFrpVvIrTaPyzsu9wc,Lyk Dis (Remix),2ReXvwHIanvUYotGkSdr1d,Unknown,3jK9MiCrA42lLAdMGUZpwa,"NxWorries, Anderson .Paak, Knxwledge",133221,
4P7MpG6UYwLXrRF9RD1uHR,Idntrememberwell,2ReXvwHIanvUYotGkSdr1d,Unknown,3jK9MiCrA42lLAdMGUZpwa,"NxWorries, Anderson .Paak, Knxwledge",43079,
2oUGp92UNGiuRaAOhAJCjz,H.A.N. (Remix),2ReXvwHIanvUYotGkSdr1d,Unknown,3jK9MiCrA42lLAdMGUZpwa,"NxWorries, Anderson .Paak, Knxwledge",158250,
2VYNvdr9mfYS6HEVCKrGR1,Scared Money (Remix),2ReXvwHIanvUYotGkSdr1d,Unknown,3jK9MiCrA42lLAdMGUZpwa,"NxWorries, Anderson .Paak, Knxwledge",180869,
5Hcq4crzdYfownXkk1GstJ,Bstwun (Chppd),2ReXvwHIanvUYotGkSdr1d,Unknown,3jK9MiCrA42lLAdMGUZpwa,"NxWorries, Anderson .Paak, Knxwledge",94387,
34YiJA23LJAiqVYV448ySG,Suede (Uptwnmixx),2ReXvwHIanvUYotGkSdr1d,Unknown,3jK9MiCrA42lLAdMGUZpwa,"NxWorries, Anderson .Paak, Knxwledge",137021,
1w2foFEjYwfbZtPWzvi7TY,Reali(the)nd,2ReXvwHIanvUYotGkSdr1d,Unknown,3jK9MiCrA42lLAdMGUZpwa,"NxWorries, Anderson .Paak, Knxwledge",106151,
1wQpRL0JNGkvVyYVcRLYvJ,Intro,0gpxUkqSnLwD50aaRir6jH,Unknown,3jK9MiCrA42lLAdMGUZpwa,"NxWorries, Anderson .Paak, Knxwledge",48426,
3AVk69AkbySYWme2XGq8Co,Livvin,0gpxUkqSnLwD50aaRir6jH,Unknown,3jK9MiCrA42lLAdMGUZpwa,"NxWorries, Anderson .Paak, Knxwledge",165626,
0DwY01hBuR9ljP8MtJL94u,Wngs,0gpxUkqSnLwD50aaRir6jH,Unknown,3jK9MiCrA42lLAdMGUZpwa,"NxWorries, Anderson .Paak, Knxwledge",96600,
1IBPFXqn6qLeeiGMSyfBcA,Best One,0gpxUkqSnLwD50aaRir6jH,Unknown,3jK9MiCrA42lLAdMGUZpwa,"NxWorries, Anderson .Paak, Knxwledge",194786,
5mtfHX4VyY5D81WMaOHgHV,What More Can I Say,0gpxUkqSnLwD50aaRir6jH,Unknown,3jK9MiCrA42lLAdMGUZpwa,"NxWorries, Anderson .Paak, Knxwledge",156133,
5bdieA5tASyMHKl1FB2xzN,Kutless,0gpxUkqSnLwD50aaRir6jH,Unknown,3jK9MiCrA42lLAdMGUZpwa,"NxWorries, Anderson .Paak, Knxwledge",127760,
02sagHhK9h0nODtzjF33yP,Lyk Dis,0gpxUkqSnLwD50aaRir6jH,Unknown,3jK9MiCrA42lLAdMGUZpwa,"NxWorries, Anderson .Paak, Knxwledge",150760,
5qscyVciyDKH7PbKH6Vs1U,Can’t Stop,0gpxUkqSnLwD50aaRir6jH,Unknown,3jK9MiCrA42lLAdMGUZpwa,"NxWorries, Anderson .Paak, Knxwledge",121133,
08VNThwlDByBAaZUNZj1aS,Get Bigger / Do U Luv,0gpxUkqSnLwD50aaRir6jH,Unknown,3jK9MiCrA42lLAdMGUZpwa,"NxWorries, Anderson .Paak, Knxwledge",243973,
66YXnXYGfXFA6KAYeySWpL,Khadijah,0gpxUkqSnLwD50aaRir6jH,Unknown,3jK9MiCrA42lLAdMGUZpwa,"NxWorries, Anderson .Paak, Knxwledge",122373,
0rCXIMEUi1oHFCIg01hvUZ,H.A.N.,0gpxUkqSnLwD50aaRir6jH,Unknown,3jK9MiCrA42lLAdMGUZpwa,"NxWorries, Anderson .Paak, Knxwledge",169560,
5lYXMlzWEc8uDbMd1v0V35,Scared Money,0gpxUkqSnLwD50aaRir6jH,Unknown,3jK9MiCrA42lLAdMGUZpwa,"NxWorries, Anderson .Paak, Knxwledge",177146,
0iizrCBnUUJuAwCPJaWWY0,Suede,0gpxUkqSnLwD50aaRir6jH,Unknown,3jK9MiCrA42lLAdMGUZpwa,"NxWorries, Anderson .Paak, Knxwledge",174866,
6kkvWbBu8a07a8TevTF9JO,Starlite,0gpxUkqSnLwD50aaRir6jH,Unknown,3jK9MiCrA42lLAdMGUZpwa,"NxWorries, Anderson .Paak, Knxwledge",203946,
3o0zYn7dQtUZ1FRevTR8LZ,Sidepiece,0gpxUkqSnLwD50aaRir6jH,Unknown,3jK9MiCrA42lLAdMGUZpwa,"NxWorries, Anderson .Paak, Knxwledge",226226,
3n4YPZ9c0SmLqADvMH7Se7,Jodi,0gpxUkqSnLwD50aaRir6jH,Unknown,3jK9MiCrA42lLAdMGUZpwa,"NxWorries, Anderson .Paak, Knxwledge",69066,
4xSQLj346ynlX8vopebWTQ,Link Up,0gpxUkqSnLwD50aaRir6jH,Unknown,3jK9MiCrA42lLAdMGUZpwa,"NxWorries, Anderson .Paak, Knxwledge",211093,
4UoOaaxDdx9ndmdg3mbc83,Another Time,0gpxUkqSnLwD50aaRir6jH,Unknown,3jK9MiCrA42lLAdMGUZpwa,"NxWorries, Anderson .Paak, Knxwledge",147573,
1GyR9q0c52RoGyB1qPwkc0,Fkku,0gpxUkqSnLwD50aaRir6jH,Unknown,3jK9MiCrA42lLAdMGUZpwa,"NxWorries, Anderson .Paak, Knxwledge",131893,
7pamxApUs3CE8t7tKmUJ6Z,The Bird,4VFG1DOuTeDMBjBLZT7hCK,Unknown,3jK9MiCrA42lLAdMGUZpwa,Anderson .Paak,217773,
25GlFJq5QNAXyVgJvCZ4Mf,Heart Don't Stand a Chance,4VFG1DOuTeDMBjBLZT7hCK,Unknown,3jK9MiCrA42lLAdMGUZpwa,Anderson .Paak,312360,
23T4gelZgImtFxbHjXnYbm,The Waters (feat. BJ the Chicago Kid),4VFG1DOuTeDMBjBLZT7hCK,Unknown,3jK9MiCrA42lLAdMGUZpwa,"Anderson .Paak, BJ The Chicago Kid",174253,
5G0nSEIT0fGUZY0caM9AnH,The Season | Carry Me,4VFG1DOuTeDMBjBLZT7hCK,Unknown,3jK9MiCrA42lLAdMGUZpwa,Anderson .Paak,328813,
70SjyVMzhmMeJQD8hOmIBp,Put Me Thru,4VFG1DOuTeDMBjBLZT7hCK,Unknown,3jK9MiCrA42lLAdMGUZpwa,Anderson .Paak,160760,
1UjyF6okUHhnVxaLV8ojsA,Am I Wrong (feat. ScHoolboy Q),4VFG1DOuTeDMBjBLZT7hCK,Unknown,3jK9MiCrA42lLAdMGUZpwa,"Anderson .Paak, ScHoolboy Q",253520,
2UYPFtrIIaIQdxLCaFwjFu,Without You (feat. Rapsody),4VFG1DOuTeDMBjBLZT7hCK,Unknown,3jK9MiCrA42lLAdMGUZpwa,"Anderson .Paak, Rapsody",199346,
5zyySSTcBpXQ8gSbuONRH7,Parking Lot,4VFG1DOuTeDMBjBLZT7hCK,Unknown,3jK9MiCrA42lLAdMGUZpwa,Anderson .Paak,234333,
2vJIsdYIthbnWgLaLD9yrj,Lite Weight (feat. The Free Nationals United Fellowship Choir),4VFG1DOuTeDMBjBLZT7hCK,Unknown,3jK9MiCrA42lLAdMGUZpwa,"Anderson .Paak, The Free Nationals United Fellowship Choir",206360,
6Lr9sGM6kARYVDL2dj0lqV,Room in Here (feat. The Game & Sonyae Elise),4VFG1DOuTeDMBjBLZT7hCK,Unknown,3jK9MiCrA42lLAdMGUZpwa,"Anderson .Paak, The Game, Sonyae",239173,
3qUNcMXZBO5vvhSHLhBpJ9,Water Fall (Interluuube),4VFG1DOuTeDMBjBLZT7hCK,Unknown,3jK9MiCrA42lLAdMGUZpwa,Anderson .Paak,118053,
1GJr5BQIOvzFEoQlrufunl,Your Prime,4VFG1DOuTeDMBjBLZT7hCK,Unknown,3jK9MiCrA42lLAdMGUZpwa,Anderson .Paak,237106,
276zciJ7Fg7Jk6Ta6QuLkp,Come Down,4VFG1DOuTeDMBjBLZT7hCK,Unknown,3jK9MiCrA42lLAdMGUZpwa,Anderson .Paak,169726,
6zyXhzPJg7dCGuC5ToIxqN,Silicon Valley,4VFG1DOuTeDMBjBLZT7hCK,Unknown,3jK9MiCrA42lLAdMGUZpwa,Anderson .Paak,244840,
1zlclNkERGFrCxznXOgkD3,Celebrate,4VFG1DOuTeDMBjBLZT7hCK,Unknown,3jK9MiCrA42lLAdMGUZpwa,Anderson .Paak,226186,
2sNhYJ2ggd9BadlTXU3Mah,The Dreamer (feat. Talib Kweli & Timan Family Choir),4VFG1DOuTeDMBjBLZT7hCK,Unknown,3jK9MiCrA42lLAdMGUZpwa,"Anderson .Paak, Talib Kweli, Timan Family Choir",339973,
6KCiWCSgwGotkzlcNb8ukO,Waves,2Wl2eLBIbjAt6AZwd07IxG,Unknown,3jK9MiCrA42lLAdMGUZpwa,Anderson .Paak,26566,
00skWJ8NVd2eEoMIbQBEps,Milk N' Honey,2Wl2eLBIbjAt6AZwd07IxG,Unknown,3jK9MiCrA42lLAdMGUZpwa,Anderson .Paak,258272,
5TWDcP0miYsQh7ePHuuOcK,The City,2Wl2eLBIbjAt6AZwd07IxG,Unknown,3jK9MiCrA42lLAdMGUZpwa,Anderson .Paak,214230,
56x2jRVYRWsZvkFpFXLOBV,Might Be,2Wl2eLBIbjAt6AZwd07IxG,Unknown,3jK9MiCrA42lLAdMGUZpwa,Anderson .Paak,237165,
3MpkTjPgEWQ7fHVt6odpBr,Miss Right,2Wl2eLBIbjAt6AZwd07IxG,Unknown,3jK9MiCrA42lLAdMGUZpwa,Anderson .Paak,198713,
0uihsA5Tex0wABvXPlXjOH,Put You On,2Wl2eLBIbjAt6AZwd07IxG,Unknown,3jK9MiCrA42lLAdMGUZpwa,Anderson .Paak,163735,
1R31tpwFjbzVvPuw5bOVgH,Already (feat. SiR),2Wl2eLBIbjAt6AZwd07IxG,Unknown,3jK9MiCrA42lLAdMGUZpwa,"Anderson .Paak, SiR",194011,
12UBJRHVidnNIQTHyldcfL,Dogtown,2Wl2eLBIbjAt6AZwd07IxG,Unknown,3jK9MiCrA42lLAdMGUZpwa,Anderson .Paak,26801,
1kIVUKFiEa1IPTF2eYj588,I Miss That Whip,2Wl2eLBIbjAt6AZwd07IxG,Unknown,3jK9MiCrA42lLAdMGUZpwa,Anderson .Paak,188839,
5SDbfHZpHHmqpfK39vCfHG,Get 'Em Up,2Wl2eLBIbjAt6AZwd07IxG,Unknown,3jK9MiCrA42lLAdMGUZpwa,Anderson .Paak,248659,
3FcV4Gyyq5PgRxDXjgELTD,Paint,2Wl2eLBIbjAt6AZwd07IxG,Unknown,3jK9MiCrA42lLAdMGUZpwa,Anderson .Paak,237923,
4X2UdTXpDPSKA3LKYBISgq,Drugs,2Wl2eLBIbjAt6AZwd07IxG,Unknown,3jK9MiCrA42lLAdMGUZpwa,Anderson .Paak,292989,
6GRAWg7rfga94jlDQD8WYa,Miki Doralude,2Wl2eLBIbjAt6AZwd07IxG,Unknown,3jK9MiCrA42lLAdMGUZpwa,Anderson .Paak,50128,
7bcFjy9JRa6DDkctTVGZ6E,Luh You,2Wl2eLBIbjAt6AZwd07IxG,Unknown,3jK9MiCrA42lLAdMGUZpwa,Anderson .Paak,210720,
1Fk9yDRkioLTCySrYd0CGF,Right There,2Wl2eLBIbjAt6AZwd07IxG,Unknown,3jK9MiCrA42lLAdMGUZpwa,Anderson .Paak,207333,
4lMLL0QOt8dLRp5UGXjZLi,Off The Ground,2Wl2eLBIbjAt6AZwd07IxG,Unknown,3jK9MiCrA42lLAdMGUZpwa,Anderson .Paak,288052,
71vMeXnRvJtRvTVJLN8tiX,Phat Butt,7kkWu2etRnJCM6HX7JzhuK,Unknown,3LZZPxNDGDFVSIPqf4JuEf,Ice Spice,129293,
3CBZb8R4dE1t7sGDxvlv8M,Oh Shhh...(with Travis Scott),7kkWu2etRnJCM6HX7JzhuK,Unknown,3LZZPxNDGDFVSIPqf4JuEf,"Ice Spice, Travis Scott",161119,
68syOccsCBslzvrB2kk5Yr,Popa,7kkWu2etRnJCM6HX7JzhuK,Unknown,3LZZPxNDGDFVSIPqf4JuEf,Ice Spice,159999,
1vH67X1A0lP6d3mgPqhUM1,Bitch I'm Packin' (with Gunna),7kkWu2etRnJCM6HX7JzhuK,Unknown,3LZZPxNDGDFVSIPqf4JuEf,"Ice Spice, Gunna",162077,
7GDlR8vM6wPJtQBojdjELe,Plenty Sun,7kkWu2etRnJCM6HX7JzhuK,Unknown,3LZZPxNDGDFVSIPqf4JuEf,Ice Spice,161032,
1uDYxzeUCAEPfZq6eV18cm,Did It First (with Central Cee),7kkWu2etRnJCM6HX7JzhuK,Unknown,3LZZPxNDGDFVSIPqf4JuEf,"Ice Spice, Central Cee",118002,
7d5FIyLwIUya3aiHV7Ouav,BB Belt,7kkWu2etRnJCM6HX7JzhuK,Unknown,3LZZPxNDGDFVSIPqf4JuEf,Ice Spice,116571,
5AWB7PHSDUvIcEguPPu71s,Think U The Shit (Fart),7kkWu2etRnJCM6HX7JzhuK,Unknown,3LZZPxNDGDFVSIPqf4JuEf,Ice Spice,141639,
4HcUggYKPLQPA0hbsXvNiE,Gimmie A Light,7kkWu2etRnJCM6HX7JzhuK,Unknown,3LZZPxNDGDFVSIPqf4JuEf,Ice Spice,126175,
26Y3G8jYvbl3wON3V0b4jV,TTYL,7kkWu2etRnJCM6HX7JzhuK,Unknown,3LZZPxNDGDFVSIPqf4JuEf,Ice Spice,123469,
5yxtr4bxgYePGbACS82nrq,GYAT,7kkWu2etRnJCM6HX7JzhuK,Unknown,3LZZPxNDGDFVSIPqf4JuEf,Ice Spice,114437,
3wKdqWNzGnxapDIaoocxR1,Phat Butt,56fzdpwMftta3Dd2MZyGhH,Unknown,3LZZPxNDGDFVSIPqf4JuEf,Ice Spice,129293,
4hLoReufV6TYnpZWf5e41f,Oh Shhh...(with Travis Scott),56fzdpwMftta3Dd2MZyGhH,Unknown,3LZZPxNDGDFVSIPqf4JuEf,"Ice Spice, Travis Scott",161119,
5WODIX9TtDrmD9oAFFoxkG,Popa,56fzdpwMftta3Dd2MZyGhH,Unknown,3LZZPxNDGDFVSIPqf4JuEf,Ice Spice,159999,
2rJZIb1hE25Fp58ayrG7eg,Bitch I'm Packin' (with Gunna),56fzdpwMftta3Dd2MZyGhH,Unknown,3LZZPxNDGDFVSIPqf4JuEf,"Ice Spice, Gunna",162077,
64V1QOrbbWGRG3nHpLLeEm,Plenty Sun,56fzdpwMftta3Dd2MZyGhH,Unknown,3LZZPxNDGDFVSIPqf4JuEf,Ice Spice,161032,
2BNcawEW0KlzLW9DeHzXZJ,Did It First (with Central Cee),56fzdpwMftta3Dd2MZyGhH,Unknown,3LZZPxNDGDFVSIPqf4JuEf,"Ice Spice, Central Cee",118002,
3oLlS8NTMdePBohjgPZKk1,BB Belt,56fzdpwMftta3Dd2MZyGhH,Unknown,3LZZPxNDGDFVSIPqf4JuEf,Ice Spice,116571,
436qIub7mPZxBE0zrgQMuf,Think U The Shit (Fart),56fzdpwMftta3Dd2MZyGhH,Unknown,3LZZPxNDGDFVSIPqf4JuEf,Ice Spice,141639,
2OanF8uRWtK74rlBlz9VMI,Gimmie A Light,56fzdpwMftta3Dd2MZyGhH,Unknown,3LZZPxNDGDFVSIPqf4JuEf,Ice Spice,126175,
5kSabw3Dng3SJ0bXdFeer7,TTYL,56fzdpwMftta3Dd2MZyGhH,Unknown,3LZZPxNDGDFVSIPqf4JuEf,Ice Spice,123469,
2jQxSv4fhUKr0zJYgX5NcT,Fire + Water,5feRs2ejrMcxuM5hcDDSBb,Unknown,2SrSdSvpminqmStGELCSNd,Stormzy,497480,
43qgiVrRWrxv0jhYRsJtm3,This Is What I Mean,5feRs2ejrMcxuM5hcDDSBb,Unknown,2SrSdSvpminqmStGELCSNd,"Stormzy, Black Sherif, Amaarae, Ms Banks, STORRY",325333,
34mRGbqMujRsiQ8yehUtp0,Firebabe,5feRs2ejrMcxuM5hcDDSBb,Unknown,2SrSdSvpminqmStGELCSNd,"Stormzy, Debbie",220613,
68YIQOIzbDfMLA56gq0VWo,Please,5feRs2ejrMcxuM5hcDDSBb,Unknown,2SrSdSvpminqmStGELCSNd,Stormzy,174560,
6p0u1dLtzN6F2N0pPhP2JC,Need You,5feRs2ejrMcxuM5hcDDSBb,Unknown,2SrSdSvpminqmStGELCSNd,"Stormzy, tendai, Ayra Starr",197813,
06UUKFWdB0NJIY0RfVfCYQ,Hide & Seek,5feRs2ejrMcxuM5hcDDSBb,Unknown,2SrSdSvpminqmStGELCSNd,Stormzy,207773,
0qmrfZSMmwDIygen2CiiEh,My Presidents Are Black,5feRs2ejrMcxuM5hcDDSBb,Unknown,2SrSdSvpminqmStGELCSNd,Stormzy,261946,
2Hb8HUCnMZ74gwl4DppYDd,Sampha's Plea,5feRs2ejrMcxuM5hcDDSBb,Unknown,2SrSdSvpminqmStGELCSNd,"Stormzy, Sampha",166400,
6pQ3Gsj9cVCMiTlu67pv7B,Holy Spirit,5feRs2ejrMcxuM5hcDDSBb,Unknown,2SrSdSvpminqmStGELCSNd,Stormzy,281066,
64vA8KSO1tQJDC7jhV1cML,Bad Blood,5feRs2ejrMcxuM5hcDDSBb,Unknown,2SrSdSvpminqmStGELCSNd,"Stormzy, Nao",243293,
1A8NxKmueblf1ke06vv8ZR,I Got My Smile Back,5feRs2ejrMcxuM5hcDDSBb,Unknown,2SrSdSvpminqmStGELCSNd,"Stormzy, India.Arie",251720,
2jqHecEIGTgFcfOEYBpq8X,Give It To The Water,5feRs2ejrMcxuM5hcDDSBb,Unknown,2SrSdSvpminqmStGELCSNd,"Stormzy, Debbie, Jacob Collier",252880,
4zrQ9UIhPD6lL6VBISJ5aE,Big Michael,3y4AaloFccKNLQcZNS9L8c,Unknown,2SrSdSvpminqmStGELCSNd,Stormzy,146066,
6Oq4fiDzKaFMU89dTvM24u,Audacity (feat. Headie One),3y4AaloFccKNLQcZNS9L8c,Unknown,2SrSdSvpminqmStGELCSNd,"Stormzy, Headie One",245920,
4CEGyF5A5u5BjweVvkgCsn,Crown,3y4AaloFccKNLQcZNS9L8c,Unknown,2SrSdSvpminqmStGELCSNd,Stormzy,213463,
0AtMTwBF9dmAd2kjgKXpSu,Rainfall (feat. Tiana Major9),3y4AaloFccKNLQcZNS9L8c,Unknown,2SrSdSvpminqmStGELCSNd,"Stormzy, Tiana Major9",197946,
2bH4EXqG4bm7EsKRSKC29R,Rachael's Little Brother,3y4AaloFccKNLQcZNS9L8c,Unknown,2SrSdSvpminqmStGELCSNd,Stormzy,337800,
766N0mjf1KzAAYsA1eAJaN,Handsome,3y4AaloFccKNLQcZNS9L8c,Unknown,2SrSdSvpminqmStGELCSNd,Stormzy,152733,
0nLfmQWIqjZkCQNhfP0EHv,Do Better,3y4AaloFccKNLQcZNS9L8c,Unknown,2SrSdSvpminqmStGELCSNd,Stormzy,249346,
2ixNRyMUQnlcmnox8xBTL5,Don't Forget to Breathe (feat. Yebba) [Interlude],3y4AaloFccKNLQcZNS9L8c,Unknown,2SrSdSvpminqmStGELCSNd,"Stormzy, Yebba",141360,
2DdI0KRBuxV5Km0bkm67yh,One Second (feat. H.E.R.),3y4AaloFccKNLQcZNS9L8c,Unknown,2SrSdSvpminqmStGELCSNd,"Stormzy, H.E.R.",240893,
3KcSwX6pyUnfJ0YZlcJE7d,Pop Boy (feat. Aitch),3y4AaloFccKNLQcZNS9L8c,Unknown,2SrSdSvpminqmStGELCSNd,"Stormzy, Aitch",151943,
4QPEwDdOMhY7rNS05mTyMR,Own It (feat. Ed Sheeran & Burna Boy),3y4AaloFccKNLQcZNS9L8c,Unknown,2SrSdSvpminqmStGELCSNd,"Stormzy, Burna Boy, Ed Sheeran",216706,
5Rbj8akony3l0NNM5TjH1F,Wiley Flow,3y4AaloFccKNLQcZNS9L8c,Unknown,2SrSdSvpminqmStGELCSNd,Stormzy,207365,
2ECa2abJzm8ogoS4KZGCPl,Bronze,3y4AaloFccKNLQcZNS9L8c,Unknown,2SrSdSvpminqmStGELCSNd,Stormzy,145120,
02t2kfqtYpPW8718hxnBcV,Superheroes,3y4AaloFccKNLQcZNS9L8c,Unknown,2SrSdSvpminqmStGELCSNd,Stormzy,211666,
5iVGN1Th2DqyWVNIBM8Vwk,Lessons,3y4AaloFccKNLQcZNS9L8c,Unknown,2SrSdSvpminqmStGELCSNd,Stormzy,187933,
5DXKtoZLm31msT7tNGNHLG,Vossi Bop,3y4AaloFccKNLQcZNS9L8c,Unknown,2SrSdSvpminqmStGELCSNd,Stormzy,196266,
1oNIa5k8FQrFXEx7uXtfK7,First Things First,5S1Og4Ubi4afuiBOzyBhmW,Unknown,2SrSdSvpminqmStGELCSNd,Stormzy,207738,
6wOOoWXr5sVA1oiw3CDicV,Cold,5S1Og4Ubi4afuiBOzyBhmW,Unknown,2SrSdSvpminqmStGELCSNd,Stormzy,156960,
6IuVEdIOpfwhzqYb44uE4H,Bad Boys (feat. Ghetts and J Hus),5S1Og4Ubi4afuiBOzyBhmW,Unknown,2SrSdSvpminqmStGELCSNd,"Stormzy, Ghetts, J Hus",246685,
0GoEsOe7f1u9MujQT75K4q,"Blinded By Your Grace, Pt. 1",5S1Og4Ubi4afuiBOzyBhmW,Unknown,2SrSdSvpminqmStGELCSNd,Stormzy,160797,
46jHE9rVH5HqZ7VKZHPinC,Big For Your Boots,5S1Og4Ubi4afuiBOzyBhmW,Unknown,2SrSdSvpminqmStGELCSNd,Stormzy,238418,
4w0uNbUBdDW1ATA93W3fDP,Velvet / Jenny Francis - Interlude,5S1Og4Ubi4afuiBOzyBhmW,Unknown,2SrSdSvpminqmStGELCSNd,Stormzy,339933,
4VrD2sEtAsAZG6z9kcK6IW,Mr Skeng,5S1Og4Ubi4afuiBOzyBhmW,Unknown,2SrSdSvpminqmStGELCSNd,Stormzy,197451,
7urCpstCEncypWMreEwJCh,Cigarettes & Cush (feat. Kehlani & Lily Allen),5S1Og4Ubi4afuiBOzyBhmW,Unknown,2SrSdSvpminqmStGELCSNd,"Stormzy, Kehlani, Lily Allen",349583,
1mBrlBHhzALlEKpUeWdOzT,21 Gun Salute (feat. Wretch 32) - Interlude,5S1Og4Ubi4afuiBOzyBhmW,Unknown,2SrSdSvpminqmStGELCSNd,"Stormzy, Wretch 32",146254,
0YwZuKtyHptLlCcacS7EqJ,"Blinded By Your Grace, Pt. 2 (feat. MNEK)",5S1Og4Ubi4afuiBOzyBhmW,Unknown,2SrSdSvpminqmStGELCSNd,"Stormzy, MNEK",230654,
4698LDOlADHX2WmTRR2N4C,Return Of The Rucksack,5S1Og4Ubi4afuiBOzyBhmW,Unknown,2SrSdSvpminqmStGELCSNd,Stormzy,184397,
3XkWWCZ8THAe3MD4PVafjw,100 Bags,5S1Og4Ubi4afuiBOzyBhmW,Unknown,2SrSdSvpminqmStGELCSNd,Stormzy,217663,
5r2kbgIDUCoLo7XDqtx8Xd,Don't Cry For Me (feat. Raleigh Ritchie),5S1Og4Ubi4afuiBOzyBhmW,Unknown,2SrSdSvpminqmStGELCSNd,"Stormzy, Raleigh Ritchie",214471,
6URchIAqoEEfL2vvLGROuK,Crazy Titch - Interlude,5S1Og4Ubi4afuiBOzyBhmW,Unknown,2SrSdSvpminqmStGELCSNd,Stormzy,161604,
4P8dRfSz0LBgyWfjod6v3J,Shut Up,5S1Og4Ubi4afuiBOzyBhmW,Unknown,2SrSdSvpminqmStGELCSNd,Stormzy,179564,
09cfOE7O2yFYzkuCCHkPVJ,Lay Me Bare,5S1Og4Ubi4afuiBOzyBhmW,Unknown,2SrSdSvpminqmStGELCSNd,Stormzy,304710,
0qbLjjH2j3F6xKlGus22PY,Intro,061rinn9eo7RO7uAdDLZrF,Unknown,2SrSdSvpminqmStGELCSNd,Stormzy,162063,
1SYJVkya6LderNfIlKycIE,Forever,061rinn9eo7RO7uAdDLZrF,Unknown,2SrSdSvpminqmStGELCSNd,"Stormzy, 1st Born",223555,
6KVyQYWxx9PTZtvOy9zvOA,Not That Deep,061rinn9eo7RO7uAdDLZrF,Unknown,2SrSdSvpminqmStGELCSNd,Stormzy,226351,
4X95SiL1x5FBld4txIAR34,No Way,061rinn9eo7RO7uAdDLZrF,Unknown,2SrSdSvpminqmStGELCSNd,"Stormzy, Yung Fume",274860,
4OPj3crRftDIoOYLpiEhCp,Dreamers Disease,061rinn9eo7RO7uAdDLZrF,Unknown,2SrSdSvpminqmStGELCSNd,Stormzy,228989,
5oYTro3w485BBESmR7gDyu,Storm Trooper,061rinn9eo7RO7uAdDLZrF,Unknown,2SrSdSvpminqmStGELCSNd,"Stormzy, TE dness",217756,
0FJ1psBJglPPwb3fJfZNJE,Jupa,061rinn9eo7RO7uAdDLZrF,Unknown,2SrSdSvpminqmStGELCSNd,"Stormzy, Showa Shins, Starboy Willz",232855,
3kY7f3qkk184PsKPylIEes,Mains,3BZyfvmDgZFXqCGJpYt7ES,Unknown,2p1fiYHYiXz9qi0JJyxBzN,"Skepta, Chip, Young Adz",230000,
5kWi0qHo8nhYpD6kO6jf3Y,Golden Brown,3BZyfvmDgZFXqCGJpYt7ES,Unknown,2p1fiYHYiXz9qi0JJyxBzN,"Skepta, Chip, Young Adz",251880,
5F3b1gGfnIME7mIaoWT2YF,Waze,3BZyfvmDgZFXqCGJpYt7ES,Unknown,2p1fiYHYiXz9qi0JJyxBzN,"Skepta, Chip, Young Adz",197140,
75PZuTrIz2dqsyscNHeXGN,Demons (feat. Dirtbike LB),3BZyfvmDgZFXqCGJpYt7ES,Unknown,2p1fiYHYiXz9qi0JJyxBzN,"Skepta, Chip, Young Adz, Dirtbike Lb",168054,
2KyePlnlnRBQbN7J8njyGe,St Tropez,3BZyfvmDgZFXqCGJpYt7ES,Unknown,2p1fiYHYiXz9qi0JJyxBzN,"Skepta, Chip, Young Adz",163000,
2n4dgesf5weBTyhN538xT5,Insomnia Interlude,3BZyfvmDgZFXqCGJpYt7ES,Unknown,2p1fiYHYiXz9qi0JJyxBzN,"Skepta, Chip, Young Adz",151440,
1MdYVcG3RuwU617tMIC6kf,Star In The Hood,3BZyfvmDgZFXqCGJpYt7ES,Unknown,2p1fiYHYiXz9qi0JJyxBzN,"Skepta, Chip, Young Adz",158960,
7oFmiGnJ6XYwg32Nc0YaRG,Mic Check,3BZyfvmDgZFXqCGJpYt7ES,Unknown,2p1fiYHYiXz9qi0JJyxBzN,"Skepta, Chip, Young Adz",166320,
4zpPvFepITwipXJKIRMUAh,Traumatised,3BZyfvmDgZFXqCGJpYt7ES,Unknown,2p1fiYHYiXz9qi0JJyxBzN,"Skepta, Chip, Young Adz",165080,
1ioBOq3yEkAGuGfqTNkeK7,Sin City,3BZyfvmDgZFXqCGJpYt7ES,Unknown,2p1fiYHYiXz9qi0JJyxBzN,"Skepta, Chip, Young Adz",177391,
0EcOqlA7T3OuLfZcsvaBVo,High Road,3BZyfvmDgZFXqCGJpYt7ES,Unknown,2p1fiYHYiXz9qi0JJyxBzN,"Skepta, Chip, Young Adz",231660,
13vTdsXZI25kSAly4u5MjI,Intro,3BZyfvmDgZFXqCGJpYt7ES,Unknown,2p1fiYHYiXz9qi0JJyxBzN,"Skepta, Chip, Young Adz",70219,
0gEV1AR0gd59DzrMJalYcK,Bullet From A Gun,22zpCX6Nb9ppOVklalvGec,Unknown,2p1fiYHYiXz9qi0JJyxBzN,Skepta,171333,
3nG784YlxS4VQOF0qiHKVP,Greaze Mode,22zpCX6Nb9ppOVklalvGec,Unknown,2p1fiYHYiXz9qi0JJyxBzN,"Skepta, Nafe Smallz",168400,
19xuCobFr8orZ8BgPJYgd8,Redrum,22zpCX6Nb9ppOVklalvGec,Unknown,2p1fiYHYiXz9qi0JJyxBzN,"Skepta, KEY!",235706,
0Vq2Hxsd5awYmQVpbwRZ1b,No Sleep,22zpCX6Nb9ppOVklalvGec,Unknown,2p1fiYHYiXz9qi0JJyxBzN,Skepta,191840,
4DmgUMnnCw27Tu5Jvqhm1n,What Do You Mean?,22zpCX6Nb9ppOVklalvGec,Unknown,2p1fiYHYiXz9qi0JJyxBzN,"Skepta, J Hus",211120,
2pty3r2awm2Ir904mq5Fxw,Going Through It,22zpCX6Nb9ppOVklalvGec,Unknown,2p1fiYHYiXz9qi0JJyxBzN,Skepta,194720,
6kh17zXl4MM4AzSeJP02hB,Same Old Story,22zpCX6Nb9ppOVklalvGec,Unknown,2p1fiYHYiXz9qi0JJyxBzN,Skepta,200933,
57FYmXLG6tuXkBuYDSB74C,Love Me Not,22zpCX6Nb9ppOVklalvGec,Unknown,2p1fiYHYiXz9qi0JJyxBzN,"Skepta, Cheb Rabi, B Live",203760,
6ri5Xg0UxyNP4tScPkGrUo,Animal Instinct,22zpCX6Nb9ppOVklalvGec,Unknown,2p1fiYHYiXz9qi0JJyxBzN,"Skepta, Lancey Foux",189306,
0kmxWw7KjktV4V1ZpbOeru,Glow In The Dark,22zpCX6Nb9ppOVklalvGec,Unknown,2p1fiYHYiXz9qi0JJyxBzN,"Skepta, Lay-Z, Wizkid",175346,
7HA3jgB7g6uR800FJZ2E7j,You Wish,22zpCX6Nb9ppOVklalvGec,Unknown,2p1fiYHYiXz9qi0JJyxBzN,Skepta,166840,
1gLEdHMnuTP11tWYovZbZi,Gangsta,22zpCX6Nb9ppOVklalvGec,Unknown,2p1fiYHYiXz9qi0JJyxBzN,"Skepta, Boy Better Know",199266,
27H75QUZMb6C0vNfN3T370,Pure Water,22zpCX6Nb9ppOVklalvGec,Unknown,2p1fiYHYiXz9qi0JJyxBzN,Skepta,191293,
0Yo9iPwWq7sLuFgoglnTb4,Konnichiwa,6s4vWWWxNrGcKhrOFYRZzk,Unknown,2p1fiYHYiXz9qi0JJyxBzN,Skepta,196465,
5kzHkRmphRbt6ZwEmgd7RQ,Lyrics,6s4vWWWxNrGcKhrOFYRZzk,Unknown,2p1fiYHYiXz9qi0JJyxBzN,"Skepta, Novelist",156492,
6yFCWWW4AnZaLQ4nR7nniL,Corn on the Curb,6s4vWWWxNrGcKhrOFYRZzk,Unknown,2p1fiYHYiXz9qi0JJyxBzN,"Skepta, Wiley",301167,
5NucMmR6MVuWsBfW4322yw,Crime Riddim,6s4vWWWxNrGcKhrOFYRZzk,Unknown,2p1fiYHYiXz9qi0JJyxBzN,Skepta,276220,
26DdCbuwHRX1BgWeHQIn1C,It Ain't Safe,6s4vWWWxNrGcKhrOFYRZzk,Unknown,2p1fiYHYiXz9qi0JJyxBzN,"Skepta, Young Lord",223411,
5DddJVNEGBfUxy9Dtr45gI,Ladies Hit Squad,6s4vWWWxNrGcKhrOFYRZzk,Unknown,2p1fiYHYiXz9qi0JJyxBzN,"Skepta, A$AP NAST, D Double E",279592,
1BHquBolJN628btHI6X0vq,Numbers,6s4vWWWxNrGcKhrOFYRZzk,Unknown,2p1fiYHYiXz9qi0JJyxBzN,"Skepta, Pharrell Williams",198449,
13w7sJT2Xu6AN4gGj4wGv3,Man,6s4vWWWxNrGcKhrOFYRZzk,Unknown,2p1fiYHYiXz9qi0JJyxBzN,Skepta,214258,
44GokgCa37BTZP2NU2zkoJ,Shutdown,6s4vWWWxNrGcKhrOFYRZzk,Unknown,2p1fiYHYiXz9qi0JJyxBzN,Skepta,188938,
3tTDOodJcr6vKF2DASlwMZ,That's Not Me,6s4vWWWxNrGcKhrOFYRZzk,Unknown,2p1fiYHYiXz9qi0JJyxBzN,"Skepta, Jme",185967,
71md8EbjkbsvLmDBRa9syJ,Detox,6s4vWWWxNrGcKhrOFYRZzk,Unknown,2p1fiYHYiXz9qi0JJyxBzN,"Skepta, BBK",167848,
2OKpV0BwfrTDR0afe4mDxA,Text Me Back,6s4vWWWxNrGcKhrOFYRZzk,Unknown,2p1fiYHYiXz9qi0JJyxBzN,Skepta,264957,
4Snl7mdnpfrnWaw07wJB79,Same Shit Different Day,1w9JFLfJEGPibnydqQlPAO,Unknown,2p1fiYHYiXz9qi0JJyxBzN,Skepta,154760,
2pDZ9MQ3n6nMWUzsuTyzYk,Castles,1w9JFLfJEGPibnydqQlPAO,Unknown,2p1fiYHYiXz9qi0JJyxBzN,Skepta,206468,
62yZnwu1GiRBfwnMhQukxO,Badman in Tivoli,1w9JFLfJEGPibnydqQlPAO,Unknown,2p1fiYHYiXz9qi0JJyxBzN,Skepta,214508,
50I2lbR2775eZA2MPERA4X,We Begin Things,1w9JFLfJEGPibnydqQlPAO,Unknown,2p1fiYHYiXz9qi0JJyxBzN,"Skepta, Megaman, Misha B",228344,
2YAoax0ADUsZO9L4CE35ia,Ace Hood Flow,1w9JFLfJEGPibnydqQlPAO,Unknown,2p1fiYHYiXz9qi0JJyxBzN,Skepta,193637,
7tk3A7ykNdNPRhJHzaZZnJ,Tour Bus Massacre,1w9JFLfJEGPibnydqQlPAO,Unknown,2p1fiYHYiXz9qi0JJyxBzN,"Skepta, Krept & Konan",185858,
2m7d7tqvrgZoBKC0IddgK2,Mastermind,1w9JFLfJEGPibnydqQlPAO,Unknown,2p1fiYHYiXz9qi0JJyxBzN,"Skepta, Etta Bond",152982,
1cDLyaFDWUjab3x0pI2oPT,Simple Life,1w9JFLfJEGPibnydqQlPAO,Unknown,2p1fiYHYiXz9qi0JJyxBzN,"Skepta, Sam Frank",175808,
7k2QcVAQ0u8spBpFUaKPCn,Somebody's Everything,1w9JFLfJEGPibnydqQlPAO,Unknown,2p1fiYHYiXz9qi0JJyxBzN,"Skepta, Jewels",225116,
3nZCikHOnmnYj1rgIHb1SN,Lay Her Down,1w9JFLfJEGPibnydqQlPAO,Unknown,2p1fiYHYiXz9qi0JJyxBzN,"Skepta, Kano",106837,
4YGaJwoICYzTeZ1TR5MVHV,You Know Me,1w9JFLfJEGPibnydqQlPAO,Unknown,2p1fiYHYiXz9qi0JJyxBzN,Skepta,171940,
44iACqJXAn31QLB3YngyD2,2 + 2 x 2,1w9JFLfJEGPibnydqQlPAO,Unknown,2p1fiYHYiXz9qi0JJyxBzN,"Skepta, KJ, Frisco, Jme, Shorty, Jammer",380113,
7CQRAzkxJoD0thxkixCpSL,Reflecting,5pgSLDET4rMkAok3X4k0wP,Unknown,2p1fiYHYiXz9qi0JJyxBzN,Skepta,198493,
5Xy90XP3ndcCePAQqx4051,Are You Ready?,5pgSLDET4rMkAok3X4k0wP,Unknown,2p1fiYHYiXz9qi0JJyxBzN,"Skepta, Wiley",143160,
2IqTUjapeQHpQdbaSkTGNQ,Oh My Gosh,5pgSLDET4rMkAok3X4k0wP,Unknown,2p1fiYHYiXz9qi0JJyxBzN,Skepta,154693,
4eBxXC8Gknerc35BsQ424w,Look Out,5pgSLDET4rMkAok3X4k0wP,Unknown,2p1fiYHYiXz9qi0JJyxBzN,"Skepta, Giggs",259026,
7wn5rZSYcTFCYaBJJfn17t,Sticks 'n' Stones,5pgSLDET4rMkAok3X4k0wP,Unknown,2p1fiYHYiXz9qi0JJyxBzN,Skepta,201480,
5iWkcEcUfymaq0POyWCbBQ,Too Many Man,5pgSLDET4rMkAok3X4k0wP,Unknown,2p1fiYHYiXz9qi0JJyxBzN,"Skepta, BBK",215920,
7JVP1e2VqkF35HruBe0WXN,Lush,5pgSLDET4rMkAok3X4k0wP,Unknown,2p1fiYHYiXz9qi0JJyxBzN,"Skepta, Jay Sean",168173,
4zkoEdiUPsgNX1eEQnaHmf,My Emotions,5pgSLDET4rMkAok3X4k0wP,Unknown,2p1fiYHYiXz9qi0JJyxBzN,Skepta,164480,
12VQfQ6D2HOgXYajwTCCiT,Skepta,5pgSLDET4rMkAok3X4k0wP,Unknown,2p1fiYHYiXz9qi0JJyxBzN,Skepta,148226,
4Jm4LrR797TTeYYpY9nqFI,Amsterdam Skit,5pgSLDET4rMkAok3X4k0wP,Unknown,2p1fiYHYiXz9qi0JJyxBzN,Skepta,61613,
2i4U1UwE1gOSDHnTc5pxtt,Disguise,5pgSLDET4rMkAok3X4k0wP,Unknown,2p1fiYHYiXz9qi0JJyxBzN,"Skepta, Jme, Jammer",202293,
6dkGUioU7QdQ1yQhnH6ncH,Gingerbread Man,5pgSLDET4rMkAok3X4k0wP,Unknown,2p1fiYHYiXz9qi0JJyxBzN,Skepta,185906,
1nbphMo4C24mKW8KBL0phv,Ed Hardy Party,5pgSLDET4rMkAok3X4k0wP,Unknown,2p1fiYHYiXz9qi0JJyxBzN,"Skepta, Tinchy Stryder",173240,
1fh3WAjpJSfpZlidu8dgLd,Madness,5pgSLDET4rMkAok3X4k0wP,Unknown,2p1fiYHYiXz9qi0JJyxBzN,"Skepta, Dubz, Paper Pablo",236506,
5o54tiWbHESJ5RHBIbRnvi,Over the Top,5pgSLDET4rMkAok3X4k0wP,Unknown,2p1fiYHYiXz9qi0JJyxBzN,Skepta,171733,
0c3mLrqvKpc1ZWwYDudvHn,Dark,5pgSLDET4rMkAok3X4k0wP,Unknown,2p1fiYHYiXz9qi0JJyxBzN,"Skepta, Trigga",205453,
6JGYxpX8WsSmTRYOZ3b40j,Rolex Sweep,5pgSLDET4rMkAok3X4k0wP,Unknown,2p1fiYHYiXz9qi0JJyxBzN,Skepta,154453,
30UZ7BsXnD9IvGy1LgmDsn,The Journey,0AyaZjU2ofiBtPlJXk0Epv,Unknown,2p1fiYHYiXz9qi0JJyxBzN,Skepta,141253,
2HMuzEArV92c5TK3l5nPuh,I'm There,0AyaZjU2ofiBtPlJXk0Epv,Unknown,2p1fiYHYiXz9qi0JJyxBzN,Skepta,192733,
3PdX0E7WTju71Y9Jpinvw4,Doin' It Again,0AyaZjU2ofiBtPlJXk0Epv,Unknown,2p1fiYHYiXz9qi0JJyxBzN,Skepta,229680,
1xG9296ALk7DicgfvZUGmD,Listen Up,0AyaZjU2ofiBtPlJXk0Epv,Unknown,2p1fiYHYiXz9qi0JJyxBzN,Skepta,201506,
46h7yzNgZQNuyn5BwBHQeS,I Spy,0AyaZjU2ofiBtPlJXk0Epv,Unknown,2p1fiYHYiXz9qi0JJyxBzN,Skepta,170306,
00e62GETVDWKihetpMuMS2,Single,0AyaZjU2ofiBtPlJXk0Epv,Unknown,2p1fiYHYiXz9qi0JJyxBzN,Skepta,173653,
6xwyEFdc9iu7Wbf06tvGG3,Ayia Napa 2006 Skit,0AyaZjU2ofiBtPlJXk0Epv,Unknown,2p1fiYHYiXz9qi0JJyxBzN,Skepta,167720,
3TYy52tHk6EsnLXoCqslkM,Greatest Hits,0AyaZjU2ofiBtPlJXk0Epv,Unknown,2p1fiYHYiXz9qi0JJyxBzN,Skepta,178146,
028JMGgbymLRe3dgB0gNX0,In a Corner,0AyaZjU2ofiBtPlJXk0Epv,Unknown,2p1fiYHYiXz9qi0JJyxBzN,Skepta,207346,
4REp8m0ZGnB6hMadIUF5HC,Not Your Average Joe,0AyaZjU2ofiBtPlJXk0Epv,Unknown,2p1fiYHYiXz9qi0JJyxBzN,Skepta,216800,
2cAp4upkh1UbgBry3FwIhs,Sweet Mother,0AyaZjU2ofiBtPlJXk0Epv,Unknown,2p1fiYHYiXz9qi0JJyxBzN,Skepta,196746,
4OmQYKQ4ZkBF82Fj9FMTnc,Shape Shifting,0AyaZjU2ofiBtPlJXk0Epv,Unknown,2p1fiYHYiXz9qi0JJyxBzN,Skepta,182973,
3zB8ztWUXdF8gkAtAwWnYL,"Blood, Sweat and Tears",0AyaZjU2ofiBtPlJXk0Epv,Unknown,2p1fiYHYiXz9qi0JJyxBzN,Skepta,226613,
3Q87D8WNSjh10qvr1HGeOf,Cold Turkey,0AyaZjU2ofiBtPlJXk0Epv,Unknown,2p1fiYHYiXz9qi0JJyxBzN,Skepta,193613,
22agj1ppHejR41cUyf7k6v,We're All Alone,6HwzIlrCDq3WF9vMq8meqG,Unknown,6Ip8FS7vWT1uKkJSweANQK,Dave,280005,
7IPKXYU2rTMnrLW5IZ7ZI5,Verdansk,6HwzIlrCDq3WF9vMq8meqG,Unknown,6Ip8FS7vWT1uKkJSweANQK,Dave,182285,
2zxEc1GCSCxbHIXTfhraRC,Clash (feat. Stormzy),6HwzIlrCDq3WF9vMq8meqG,Unknown,6Ip8FS7vWT1uKkJSweANQK,"Dave, Stormzy",251733,
3mtaSob1BQO4HMSA8lWKRt,In The Fire,6HwzIlrCDq3WF9vMq8meqG,Unknown,6Ip8FS7vWT1uKkJSweANQK,Dave,423909,
6lHN6T5ZkPCEKDPZqDKcYw,Three Rivers,6HwzIlrCDq3WF9vMq8meqG,Unknown,6Ip8FS7vWT1uKkJSweANQK,Dave,331030,
5gOtq0sKU24ZF8hnXlSp1V,System (feat. WizKid),6HwzIlrCDq3WF9vMq8meqG,Unknown,6Ip8FS7vWT1uKkJSweANQK,"Dave, Wizkid",181550,
4wvnXoQqjIOoEis5eyTbCl,Lazarus (feat. Boj),6HwzIlrCDq3WF9vMq8meqG,Unknown,6Ip8FS7vWT1uKkJSweANQK,"Dave, Boj",204373,
25tXNghelZKdGZZVoSL9Yg,Law Of Attraction (feat. Snoh Aalegra),6HwzIlrCDq3WF9vMq8meqG,Unknown,6Ip8FS7vWT1uKkJSweANQK,"Dave, Snoh Aalegra",181676,
3hX0ilh84w2KGaiNw2rRCV,Both Sides Of A Smile (feat. James Blake),6HwzIlrCDq3WF9vMq8meqG,Unknown,6Ip8FS7vWT1uKkJSweANQK,"Dave, James Blake",479897,
4uwMD6gmDmbwaY2cjqhy7c,Twenty To One,6HwzIlrCDq3WF9vMq8meqG,Unknown,6Ip8FS7vWT1uKkJSweANQK,Dave,201345,
3EzYtOjWoZQ4jHe78hfpQo,Heart Attack,6HwzIlrCDq3WF9vMq8meqG,Unknown,6Ip8FS7vWT1uKkJSweANQK,Dave,595759,
1Xapo8sq7KcQXdt0HrXX5B,Survivor's Guilt,6HwzIlrCDq3WF9vMq8meqG,Unknown,6Ip8FS7vWT1uKkJSweANQK,Dave,340000,
0FWAIRd9Uz5uNek7cALYNC,Psycho,4GrFuXwRmEBJec22p58fsD,Unknown,6Ip8FS7vWT1uKkJSweANQK,Dave,248946,
59PUOc7B0WCNNx8Nr4qaA4,Streatham,4GrFuXwRmEBJec22p58fsD,Unknown,6Ip8FS7vWT1uKkJSweANQK,Dave,205720,
0J43IKwcofdlTQPjcbHxCM,Black,4GrFuXwRmEBJec22p58fsD,Unknown,6Ip8FS7vWT1uKkJSweANQK,Dave,228280,
2HUW8dnie8O8JkDzbo7Ivs,Purple Heart,4GrFuXwRmEBJec22p58fsD,Unknown,6Ip8FS7vWT1uKkJSweANQK,Dave,164133,
3z4CGd63tpUn9a6oQSG0CI,Location (feat. Burna Boy),4GrFuXwRmEBJec22p58fsD,Unknown,6Ip8FS7vWT1uKkJSweANQK,"Dave, Burna Boy",241293,
3rqmxZNh2BRgJ3BiCPFTSG,Disaster (feat. J Hus),4GrFuXwRmEBJec22p58fsD,Unknown,6Ip8FS7vWT1uKkJSweANQK,"Dave, J Hus",240160,
65TggCitjPK0sUXtwgOkN9,Screwface Capital,4GrFuXwRmEBJec22p58fsD,Unknown,6Ip8FS7vWT1uKkJSweANQK,Dave,253093,
7l1P6WtVtq1zQMq6qazNA4,Environment,4GrFuXwRmEBJec22p58fsD,Unknown,6Ip8FS7vWT1uKkJSweANQK,Dave,202733,
5F0Bf5M5lTO8SwfRQai4or,Lesley (feat. Ruelle),4GrFuXwRmEBJec22p58fsD,Unknown,6Ip8FS7vWT1uKkJSweANQK,"Dave, Ruelle",667706,
3un8AsY9s9YyEv2tqTrxVv,Voices,4GrFuXwRmEBJec22p58fsD,Unknown,6Ip8FS7vWT1uKkJSweANQK,Dave,198346,
3xyOv3WrB1l7qh7ZsmFPCU,Drama,4GrFuXwRmEBJec22p58fsD,Unknown,6Ip8FS7vWT1uKkJSweANQK,Dave,423586,
0mn3HSJLVIqcXlcWkaXbgV,Game Over,5QsGJ1tErNh5aWxowJojom,Unknown,6Ip8FS7vWT1uKkJSweANQK,Dave,218522,
0UYKSIjIUiO1T3BBuCeTVF,Question Time,5QsGJ1tErNh5aWxowJojom,Unknown,6Ip8FS7vWT1uKkJSweANQK,Dave,427520,
5u1IwY8m1KBKVXaHUoQrn7,Attitude,5QsGJ1tErNh5aWxowJojom,Unknown,6Ip8FS7vWT1uKkJSweANQK,Dave,196097,
2r3FvMjd5CymIuuOp5cdNq,Calling Me Out,5QsGJ1tErNh5aWxowJojom,Unknown,6Ip8FS7vWT1uKkJSweANQK,Dave,175426,
2nO7YG8CFXSZOpvxSFUzgJ,How I Met My Ex,5QsGJ1tErNh5aWxowJojom,Unknown,6Ip8FS7vWT1uKkJSweANQK,Dave,445349,
4USHZ3omhEBGjHLD9BIJYs,No Words,5QsGJ1tErNh5aWxowJojom,Unknown,6Ip8FS7vWT1uKkJSweANQK,"Dave, MoStack",210904,
4KCfCctnZQd5mem6S3HhKi,My 19th Birthday,5QsGJ1tErNh5aWxowJojom,Unknown,6Ip8FS7vWT1uKkJSweANQK,Dave,538279,
2p5pGpO4Z0aG5IwRn7tcld,In a Minute - Intro,2bEwLq4zSG4t8f1uF2BHfP,Unknown,4r63FhuTkUYltbVAg5TQnk,DaBaby,162920,
3Nc4DVoFxdHFwo95yWdpmu,Gimme A Reason,2bEwLq4zSG4t8f1uF2BHfP,Unknown,4r63FhuTkUYltbVAg5TQnk,DaBaby,113440,
4nhEY6NPHhiNt1ZTDqoZ16,Carry It On,2bEwLq4zSG4t8f1uF2BHfP,Unknown,4r63FhuTkUYltbVAg5TQnk,DaBaby,130293,
4fmdKvSBdIw7wrUOJlBmp9,Ain’t That A Bitch,2bEwLq4zSG4t8f1uF2BHfP,Unknown,4r63FhuTkUYltbVAg5TQnk,DaBaby,198426,
1KEcXKsI3usTJSC9uLTI9K,Did It,2bEwLq4zSG4t8f1uF2BHfP,Unknown,4r63FhuTkUYltbVAg5TQnk,DaBaby,164573,
2oScuaGkk4W4p6yx7g7L1Q,I’m Outside,2bEwLq4zSG4t8f1uF2BHfP,Unknown,4r63FhuTkUYltbVAg5TQnk,DaBaby,132640,
0UXC93QrbB1by2v4Fa6ILS,PHAT,2bEwLq4zSG4t8f1uF2BHfP,Unknown,4r63FhuTkUYltbVAg5TQnk,DaBaby,129106,
2Tg1pVQeiLd0R1T6Lgh27T,Reesha Roulette (Teach Me),2bEwLq4zSG4t8f1uF2BHfP,Unknown,4r63FhuTkUYltbVAg5TQnk,DaBaby,150866,
3hB5KHxdbQ1WHvFVNjMfbJ,Hollywood Freak,2bEwLq4zSG4t8f1uF2BHfP,Unknown,4r63FhuTkUYltbVAg5TQnk,DaBaby,123440,
1L6i33GPVfIMSFZtAiUQq9,U Da Type,2bEwLq4zSG4t8f1uF2BHfP,Unknown,4r63FhuTkUYltbVAg5TQnk,DaBaby,95320,
5VLnW1iYb5MbujVQlHDShn,Gotta Know,2bEwLq4zSG4t8f1uF2BHfP,Unknown,4r63FhuTkUYltbVAg5TQnk,DaBaby,128160,
7J3WkJLhkNG03UBklPiOyZ,Hate A Nice Chick,2bEwLq4zSG4t8f1uF2BHfP,Unknown,4r63FhuTkUYltbVAg5TQnk,DaBaby,120000,
0Cbd5kM3lLrJzjMXnC0iUf,Ain’t Goin,2bEwLq4zSG4t8f1uF2BHfP,Unknown,4r63FhuTkUYltbVAg5TQnk,DaBaby,184266,
3MQs1qC3LWlHHBdQWRT2f4,Can't Keep Keisha,2bEwLq4zSG4t8f1uF2BHfP,Unknown,4r63FhuTkUYltbVAg5TQnk,DaBaby,141473,
7gDBTPpsYhVi93lvhVTJWZ,GO AGAIN - Intro,6x5UJEgPpRGdXjpeRY5QSz,Unknown,4r63FhuTkUYltbVAg5TQnk,DaBaby,126277,
5aY8pxe3u3rl98FopxIrYI,DROP DAT DISS,6x5UJEgPpRGdXjpeRY5QSz,Unknown,4r63FhuTkUYltbVAg5TQnk,DaBaby,83364,
6L0rK2juHEuBLGrWuk6XBY,BOOGEYMAN,6x5UJEgPpRGdXjpeRY5QSz,Unknown,4r63FhuTkUYltbVAg5TQnk,DaBaby,126646,
060dZ7q9HN8nAS2zn2hwo5,SOCKS,6x5UJEgPpRGdXjpeRY5QSz,Unknown,4r63FhuTkUYltbVAg5TQnk,DaBaby,171123,
5y2URMhsmlq61BnLEshtso,NO CONDOM,6x5UJEgPpRGdXjpeRY5QSz,Unknown,4r63FhuTkUYltbVAg5TQnk,DaBaby,103898,
1YAg60LPOdZvdnr3jYNXz7,SUMMA DAT,6x5UJEgPpRGdXjpeRY5QSz,Unknown,4r63FhuTkUYltbVAg5TQnk,DaBaby,83524,
4OAzzSZjuXlLEGMdPIyl2B,STILL,6x5UJEgPpRGdXjpeRY5QSz,Unknown,4r63FhuTkUYltbVAg5TQnk,DaBaby,149117,
2xL24f7CkmtEsV1QeJkJjv,ACT THAT HARD,6x5UJEgPpRGdXjpeRY5QSz,Unknown,4r63FhuTkUYltbVAg5TQnk,DaBaby,123167,
6coPF7BM2xaMhZum2ohu4p,KEEP IT CUTE,6x5UJEgPpRGdXjpeRY5QSz,Unknown,4r63FhuTkUYltbVAg5TQnk,DaBaby,136921,
4qMMZ0Bh5sA6Gb3QrcD2Bp,ONE MAN ARMY,6x5UJEgPpRGdXjpeRY5QSz,Unknown,4r63FhuTkUYltbVAg5TQnk,DaBaby,133220,
4g6wGjvkEa9XDuJGw84Krs,CALL OF DUTY,6x5UJEgPpRGdXjpeRY5QSz,Unknown,4r63FhuTkUYltbVAg5TQnk,DaBaby,75627,
3bl0IUf9Yd9LEfLsIQyovA,THAT'S WHY I CREEP,6x5UJEgPpRGdXjpeRY5QSz,Unknown,4r63FhuTkUYltbVAg5TQnk,DaBaby,199795,
62vWechOpCFotPUsE8KAq4,BLANK (feat. Anthony Hamilton),6x5UJEgPpRGdXjpeRY5QSz,Unknown,4r63FhuTkUYltbVAg5TQnk,"DaBaby, Anthony Hamilton",199270,
1ZsPRVrIiwfBaY2SpyLfja,DON'T LET EM LIE,6x5UJEgPpRGdXjpeRY5QSz,Unknown,4r63FhuTkUYltbVAg5TQnk,DaBaby,137143,
4TfEcrA3VitAQ9ft91e5pQ,Hit,1X4W9ApaYSS9ZsmUhIVDD3,Unknown,4r63FhuTkUYltbVAg5TQnk,"DaBaby, YoungBoy Never Broke Again",125498,
3Gav7ps1nyItYi5YCtFCAc,On this Line,1X4W9ApaYSS9ZsmUhIVDD3,Unknown,4r63FhuTkUYltbVAg5TQnk,"DaBaby, YoungBoy Never Broke Again",149808,
7bqTTOMe9fEBrxq3IS5GqK,Little to A lot,1X4W9ApaYSS9ZsmUhIVDD3,Unknown,4r63FhuTkUYltbVAg5TQnk,"DaBaby, YoungBoy Never Broke Again",218443,
4jZ88HTGxDGDPE9A2fpDVy,WiFi,1X4W9ApaYSS9ZsmUhIVDD3,Unknown,4r63FhuTkUYltbVAg5TQnk,"DaBaby, YoungBoy Never Broke Again",160000,
0oMCHLbU1IcWfXMHeYSfn1,Turbo,1X4W9ApaYSS9ZsmUhIVDD3,Unknown,4r63FhuTkUYltbVAg5TQnk,"DaBaby, YoungBoy Never Broke Again",179586,
29tTKq8gI6AtchB07rbSOE,BBL,1X4W9ApaYSS9ZsmUhIVDD3,Unknown,4r63FhuTkUYltbVAg5TQnk,"DaBaby, YoungBoy Never Broke Again",192000,
2JzeJphUuFTNSnzJ12aLu9,Count on me,1X4W9ApaYSS9ZsmUhIVDD3,Unknown,4r63FhuTkUYltbVAg5TQnk,"DaBaby, YoungBoy Never Broke Again",174544,
6m3KnOxlRsllj47rGqketu,Syracuse,1X4W9ApaYSS9ZsmUhIVDD3,Unknown,4r63FhuTkUYltbVAg5TQnk,"DaBaby, YoungBoy Never Broke Again",125566,
7n6lDhWVBg6Vna0IDajCa2,Creeper,1X4W9ApaYSS9ZsmUhIVDD3,Unknown,4r63FhuTkUYltbVAg5TQnk,"DaBaby, YoungBoy Never Broke Again",168000,
4CJbchKHZEboLnqQqPszoN,Head Off,1X4W9ApaYSS9ZsmUhIVDD3,Unknown,4r63FhuTkUYltbVAg5TQnk,"DaBaby, YoungBoy Never Broke Again",180869,
0BN8fpOPq04txIG8VmxKOg,Neighborhood Superstar,1X4W9ApaYSS9ZsmUhIVDD3,Unknown,4r63FhuTkUYltbVAg5TQnk,"DaBaby, YoungBoy Never Broke Again",235582,
6r9xnueU24r4eoG3HXC87E,Bestie,1X4W9ApaYSS9ZsmUhIVDD3,Unknown,4r63FhuTkUYltbVAg5TQnk,"DaBaby, YoungBoy Never Broke Again",111970,
2r7dK73sLbh1rSIV2lBMkK,BILLBOARD BABY,6SL49HqoUwu2hhfukBAK3Q,Unknown,4r63FhuTkUYltbVAg5TQnk,DaBaby,81200,
4Z5FyQlevoHoa5FsIVKZju,PRACTICE,6SL49HqoUwu2hhfukBAK3Q,Unknown,4r63FhuTkUYltbVAg5TQnk,DaBaby,122586,
5GATP9D34th0D88vlKi38F,PEEP HOLE,6SL49HqoUwu2hhfukBAK3Q,Unknown,4r63FhuTkUYltbVAg5TQnk,DaBaby,136586,
2T5NBwKRySiCR78vVk08vr,BLIND (feat. Young Thug),6SL49HqoUwu2hhfukBAK3Q,Unknown,4r63FhuTkUYltbVAg5TQnk,"DaBaby, Young Thug",153466,
1gIlID64VBhXDDnzGDdn09,NO DRIBBLE (feat. Stunna 4 Vegas),6SL49HqoUwu2hhfukBAK3Q,Unknown,4r63FhuTkUYltbVAg5TQnk,"DaBaby, Stunna 4 Vegas",162680,
5WpR5mGVRi9NgnKAQsT4eE,GO,6SL49HqoUwu2hhfukBAK3Q,Unknown,4r63FhuTkUYltbVAg5TQnk,DaBaby,147680,
5SRK7ywzkqnHdiEYXfk9Aa,TROUBLE,6SL49HqoUwu2hhfukBAK3Q,Unknown,4r63FhuTkUYltbVAg5TQnk,DaBaby,160480,
5Vs6E5bwzYsINLiY7v3BxX,CALL IT EVEN,6SL49HqoUwu2hhfukBAK3Q,Unknown,4r63FhuTkUYltbVAg5TQnk,DaBaby,87400,
4MfMLSJD5dKW0zXa9daLmk,TLC (feat. Gunna),6SL49HqoUwu2hhfukBAK3Q,Unknown,4r63FhuTkUYltbVAg5TQnk,"DaBaby, Gunna",177426,
6rVDrikWiM60hTlAxXbOjd,GO FIRST (feat. Stunna 4 Vegas & Rich Dunk),6SL49HqoUwu2hhfukBAK3Q,Unknown,4r63FhuTkUYltbVAg5TQnk,"DaBaby, Stunna 4 Vegas, Rich Dunk",139320,
1ImNE2D8vw3ZoFCHMfHvXq,CAN'T STOP,6SL49HqoUwu2hhfukBAK3Q,Unknown,4r63FhuTkUYltbVAg5TQnk,DaBaby,168373,
2FHjrUyfOa45Pk4YEn7uH9,PICK UP (feat. Quavo),6SL49HqoUwu2hhfukBAK3Q,Unknown,4r63FhuTkUYltbVAg5TQnk,"DaBaby, Quavo",118546,
5mv3UGD6eeh6nMyWSzt8z3,LIGHTSKIN SH*T (feat. Future & jetsonmade),6SL49HqoUwu2hhfukBAK3Q,Unknown,4r63FhuTkUYltbVAg5TQnk,"DaBaby, Future, jetsonmade",111173,
5iCChRRFz1yh6YKpQbjMVb,TALK ABOUT IT,6SL49HqoUwu2hhfukBAK3Q,Unknown,4r63FhuTkUYltbVAg5TQnk,DaBaby,159093,
0ntq9wCiTFdhExVLbT9Daq,SAD SH*T,6SL49HqoUwu2hhfukBAK3Q,Unknown,4r63FhuTkUYltbVAg5TQnk,DaBaby,217466,
0gkfXiZISxlpwmjEcS9fhM,FIND MY WAY,6SL49HqoUwu2hhfukBAK3Q,Unknown,4r63FhuTkUYltbVAg5TQnk,DaBaby,139890,
37pXjFZuAYs6HgWaEbKokc,ROCKSTAR (feat. Roddy Ricch),6SL49HqoUwu2hhfukBAK3Q,Unknown,4r63FhuTkUYltbVAg5TQnk,"DaBaby, Roddy Ricch",181733,
1dorm2V2hMTJdrhzSiXgr2,JUMP (feat. YoungBoy Never Broke Again),6SL49HqoUwu2hhfukBAK3Q,Unknown,4r63FhuTkUYltbVAg5TQnk,"DaBaby, YoungBoy Never Broke Again",212093,
0SkfROJiHssTd1Vw1VVN5S,CHAMPION,6SL49HqoUwu2hhfukBAK3Q,Unknown,4r63FhuTkUYltbVAg5TQnk,DaBaby,132813,
2YMl0ALCVFe4iuZuqbT33m,DROP (feat. A Boogie wit da Hoodie & London On Da Track),6SL49HqoUwu2hhfukBAK3Q,Unknown,4r63FhuTkUYltbVAg5TQnk,"DaBaby, A Boogie Wit da Hoodie, London On Da Track",149613,
793TPACVk2YTyRypDUrWPJ,BLAME IT ON BABY,6SL49HqoUwu2hhfukBAK3Q,Unknown,4r63FhuTkUYltbVAg5TQnk,DaBaby,125906,
68kS24YnWo1xUtkhMEkFEV,NASTY (feat. Ashanti & Megan Thee Stallion),6SL49HqoUwu2hhfukBAK3Q,Unknown,4r63FhuTkUYltbVAg5TQnk,"DaBaby, Ashanti, Megan Thee Stallion",215053,
5RifeZOB8PnU04CVwmzLiV,AMAZING GRACE,6SL49HqoUwu2hhfukBAK3Q,Unknown,4r63FhuTkUYltbVAg5TQnk,DaBaby,88666,
3GBWERDFODMjX1ysTXLnmS,ROCKSTAR (feat. Roddy Ricch) - BLM REMIX,6SL49HqoUwu2hhfukBAK3Q,Unknown,4r63FhuTkUYltbVAg5TQnk,"DaBaby, Roddy Ricch",204546,
57crda5Lx9OVaYCzb4Wrnd,CAN'T STOP,623PL2MBg50Br5dLXC9E9e,Unknown,4r63FhuTkUYltbVAg5TQnk,DaBaby,168373,
5gNOINI5dXZVom2b36LMOd,PICK UP (feat. Quavo),623PL2MBg50Br5dLXC9E9e,Unknown,4r63FhuTkUYltbVAg5TQnk,"DaBaby, Quavo",118546,
16oi4OiKmkO51l60F5R9kR,LIGHTSKIN SH*T (feat. Future & jetsonmade),623PL2MBg50Br5dLXC9E9e,Unknown,4r63FhuTkUYltbVAg5TQnk,"DaBaby, Future, jetsonmade",111173,
3QSLoxRguKgK0knOG7EGyn,TALK ABOUT IT,623PL2MBg50Br5dLXC9E9e,Unknown,4r63FhuTkUYltbVAg5TQnk,DaBaby,159093,
6ChpgWt7s2ksM1Y3l0D9sk,SAD SH*T,623PL2MBg50Br5dLXC9E9e,Unknown,4r63FhuTkUYltbVAg5TQnk,DaBaby,217466,
1gVCEnryJhkdQcuC0Kbvor,FIND MY WAY,623PL2MBg50Br5dLXC9E9e,Unknown,4r63FhuTkUYltbVAg5TQnk,DaBaby,139890,
7ytR5pFWmSjzHJIeQkgog4,ROCKSTAR (feat. Roddy Ricch),623PL2MBg50Br5dLXC9E9e,Unknown,4r63FhuTkUYltbVAg5TQnk,"DaBaby, Roddy Ricch",181733,
0oT9ElXYSxvnOOagP9efDq,JUMP (feat. YoungBoy Never Broke Again),623PL2MBg50Br5dLXC9E9e,Unknown,4r63FhuTkUYltbVAg5TQnk,"DaBaby, YoungBoy Never Broke Again",212093,
19eeh4pgEGHdSTc26U1y89,CHAMPION,623PL2MBg50Br5dLXC9E9e,Unknown,4r63FhuTkUYltbVAg5TQnk,DaBaby,132813,
5rFGVn8fCFjnRwCebW0XbS,DROP (feat. A Boogie wit da Hoodie & London On Da Track),623PL2MBg50Br5dLXC9E9e,Unknown,4r63FhuTkUYltbVAg5TQnk,"DaBaby, A Boogie Wit da Hoodie, London On Da Track",149613,
0jWm0VyD8p3MrSInczpows,BLAME IT ON BABY,623PL2MBg50Br5dLXC9E9e,Unknown,4r63FhuTkUYltbVAg5TQnk,DaBaby,125906,
3oHiR89Y8gn6xt3YGAAzFj,NASTY (feat. Ashanti & Megan Thee Stallion),623PL2MBg50Br5dLXC9E9e,Unknown,4r63FhuTkUYltbVAg5TQnk,"DaBaby, Ashanti, Megan Thee Stallion",215053,
2ulB68v8LGCfQMk0giZZ5S,AMAZING GRACE,623PL2MBg50Br5dLXC9E9e,Unknown,4r63FhuTkUYltbVAg5TQnk,DaBaby,88666,
77KMttn3Lic7ZQKDlPqp8v,INTRO,1NsTSXjVNE7XmZ8PmyW0wl,Unknown,4r63FhuTkUYltbVAg5TQnk,DaBaby,172800,
3e39X4Q74yJzsYUEeyf4ws,OFF THE RIP,1NsTSXjVNE7XmZ8PmyW0wl,Unknown,4r63FhuTkUYltbVAg5TQnk,DaBaby,115609,
6Ozh9Ok6h4Oi1wUSLtBseN,BOP,1NsTSXjVNE7XmZ8PmyW0wl,Unknown,4r63FhuTkUYltbVAg5TQnk,DaBaby,159714,
0fySG6A6qLE8IvDpayb5bM,VIBEZ,1NsTSXjVNE7XmZ8PmyW0wl,Unknown,4r63FhuTkUYltbVAg5TQnk,DaBaby,144935,
2TsD9kSbgYx5fSNRsoNURE,POP STAR (feat. Kevin Gates),1NsTSXjVNE7XmZ8PmyW0wl,Unknown,4r63FhuTkUYltbVAg5TQnk,"DaBaby, Kevin Gates",183144,
0WoAkdHmgPmEXfiBox1flk,"GOSPEL (feat. Chance The Rapper, Gucci Mane & YK Osiris)",1NsTSXjVNE7XmZ8PmyW0wl,Unknown,4r63FhuTkUYltbVAg5TQnk,"DaBaby, Chance the Rapper, Gucci Mane, YK Osiris",214893,
3GX2hFAekmSduZzcS52OnR,iPHONE (with Nicki Minaj),1NsTSXjVNE7XmZ8PmyW0wl,Unknown,4r63FhuTkUYltbVAg5TQnk,"DaBaby, Nicki Minaj",191920,
2FvD20Z8aoWIePi7PoN8sG,TOES (feat. Lil Baby & Moneybagg Yo),1NsTSXjVNE7XmZ8PmyW0wl,Unknown,4r63FhuTkUYltbVAg5TQnk,"DaBaby, Lil Baby, Moneybagg Yo",136366,
7vxGCUPJhe0fXfBkwVPFcP,REALLY (feat. Stunna 4 Vegas),1NsTSXjVNE7XmZ8PmyW0wl,Unknown,4r63FhuTkUYltbVAg5TQnk,"DaBaby, Stunna 4 Vegas",139500,
0O7mJ0noFBLn8MMUJrFaF1,PROLLY HEARD,1NsTSXjVNE7XmZ8PmyW0wl,Unknown,4r63FhuTkUYltbVAg5TQnk,DaBaby,143225,
1CCDIow4pPYyJYzhtTUYz2,RAW SHIT (feat. Migos),1NsTSXjVNE7XmZ8PmyW0wl,Unknown,4r63FhuTkUYltbVAg5TQnk,"DaBaby, Migos",216677,
0pegcONe6MuDQRoPCtCBRf,THERE HE GO,1NsTSXjVNE7XmZ8PmyW0wl,Unknown,4r63FhuTkUYltbVAg5TQnk,DaBaby,143295,
4LH1gsNA3wUS6QKkGZoJN8,XXL,1NsTSXjVNE7XmZ8PmyW0wl,Unknown,4r63FhuTkUYltbVAg5TQnk,DaBaby,153863,
6B4KWBeFdHrpVezjTqggWr,Taking It Out,0O1PJ0t69iTO5yWrIeIga0,Unknown,4r63FhuTkUYltbVAg5TQnk,DaBaby,118360,
2gwkD6igEhQbDQegRCcdoB,Suge,0O1PJ0t69iTO5yWrIeIga0,Unknown,4r63FhuTkUYltbVAg5TQnk,DaBaby,163320,
3WyRgi8CzQnhzO0xw79tTS,Goin Baby,0O1PJ0t69iTO5yWrIeIga0,Unknown,4r63FhuTkUYltbVAg5TQnk,DaBaby,141826,
0SsTkfOhM7e87trwjEqBQN,Pony,0O1PJ0t69iTO5yWrIeIga0,Unknown,4r63FhuTkUYltbVAg5TQnk,DaBaby,204573,
3yXP1unIs1X9U5FbEarv7e,Deal Wit It,0O1PJ0t69iTO5yWrIeIga0,Unknown,4r63FhuTkUYltbVAg5TQnk,DaBaby,68146,
7f1zjZG77S891Uv4O68yfk,Baby Sitter (feat. Offset),0O1PJ0t69iTO5yWrIeIga0,Unknown,4r63FhuTkUYltbVAg5TQnk,"DaBaby, Offset",157693,
7uxbabRF4omY1MhmIgaZ6Y,Celebrate (feat. Rich Homie Quan),0O1PJ0t69iTO5yWrIeIga0,Unknown,4r63FhuTkUYltbVAg5TQnk,"DaBaby, Rich Homie Quan",192773,
6uIpf2e5PrB0ZMufi0AWpL,Joggers (feat. Stunna 4 Vegas),0O1PJ0t69iTO5yWrIeIga0,Unknown,4r63FhuTkUYltbVAg5TQnk,"DaBaby, Stunna 4 Vegas",133213,
1N7CHs4eGjgr3gjyUgq75Y,Carpet Burn,0O1PJ0t69iTO5yWrIeIga0,Unknown,4r63FhuTkUYltbVAg5TQnk,DaBaby,102840,
2gjPbUsttk6GqJOUAh9WzN,Best Friend (feat. Rich The Kid),0O1PJ0t69iTO5yWrIeIga0,Unknown,4r63FhuTkUYltbVAg5TQnk,"DaBaby, Rich The Kid",186866,
5U8sc8et1PiuDQfIQ2J98a,Tupac,0O1PJ0t69iTO5yWrIeIga0,Unknown,4r63FhuTkUYltbVAg5TQnk,DaBaby,114373,
2ky7vgodn1YedpeS00lUqt,Backend,0O1PJ0t69iTO5yWrIeIga0,Unknown,4r63FhuTkUYltbVAg5TQnk,DaBaby,166333,
6aYi4lYcAohNhlNWsbWfy0,Walker Texas Ranger,0O1PJ0t69iTO5yWrIeIga0,Unknown,4r63FhuTkUYltbVAg5TQnk,DaBaby,151600,
0rrVn0KMlLHtAklzUrrfoj,Next Song,6L2X9oAs6pLMweH6pSpfTT,Unknown,4r63FhuTkUYltbVAg5TQnk,DaBaby,79360,
7rN4EEiOQEO73tnjrrt5Tn,Blank Blank,6L2X9oAs6pLMweH6pSpfTT,Unknown,4r63FhuTkUYltbVAg5TQnk,DaBaby,173213,
1AdXchAT6hBUm5d6y4nKjI,21,6L2X9oAs6pLMweH6pSpfTT,Unknown,4r63FhuTkUYltbVAg5TQnk,DaBaby,170853,
2bggzz9pXyiafejwnGF3vz,Deserve It,6L2X9oAs6pLMweH6pSpfTT,Unknown,4r63FhuTkUYltbVAg5TQnk,DaBaby,182693,
7MNafieQviBWZ8lEtSf8nS,4x (feat. Stunna 4 Vegas),6L2X9oAs6pLMweH6pSpfTT,Unknown,4r63FhuTkUYltbVAg5TQnk,"DaBaby, Stunna 4 Vegas",140973,
5QNeckfTYKateLNPThnx0Z,Milli,6L2X9oAs6pLMweH6pSpfTT,Unknown,4r63FhuTkUYltbVAg5TQnk,DaBaby,120693,
7iJKCWYipXGcWJNGC7RrUS,No Tears,6L2X9oAs6pLMweH6pSpfTT,Unknown,4r63FhuTkUYltbVAg5TQnk,DaBaby,153840,
4UlDwgChQITErSxJsZgv63,Best Friend,6L2X9oAs6pLMweH6pSpfTT,Unknown,4r63FhuTkUYltbVAg5TQnk,DaBaby,124106,
56EmiF1Uyx8y8JqSennC2S,Beeper,6L2X9oAs6pLMweH6pSpfTT,Unknown,4r63FhuTkUYltbVAg5TQnk,DaBaby,143586,
0eBOVXdnrVQ0rITgKXBAA7,Walker Texas Ranger,6L2X9oAs6pLMweH6pSpfTT,Unknown,4r63FhuTkUYltbVAg5TQnk,DaBaby,151600,
52ZbaOAZcVqFmFTMa8tGR9,Today (Intro),3VFolwKJSdknVtSixGPsRG,Unknown,4r63FhuTkUYltbVAg5TQnk,DaBaby,137946,
1Rfv7eCZhV3UxpO6RdPcnw,No Love,3VFolwKJSdknVtSixGPsRG,Unknown,4r63FhuTkUYltbVAg5TQnk,DaBaby,157840,
7lL0OsyK7oV6twPz5p7jkt,Itch,3VFolwKJSdknVtSixGPsRG,Unknown,4r63FhuTkUYltbVAg5TQnk,DaBaby,216240,
1UPsDgO3nICDyGDGoJnGsZ,Off Top,3VFolwKJSdknVtSixGPsRG,Unknown,4r63FhuTkUYltbVAg5TQnk,DaBaby,180200,
7oo4YhiGw5CiqgnhzbJwW8,Usher,3VFolwKJSdknVtSixGPsRG,Unknown,4r63FhuTkUYltbVAg5TQnk,DaBaby,123973,
2YoUSmfvLEvciaGfufy2E1,Kujo,3VFolwKJSdknVtSixGPsRG,Unknown,4r63FhuTkUYltbVAg5TQnk,DaBaby,52573,
6rcBCQt2nBO2tk7jW5JEG4,For The Baby,3VFolwKJSdknVtSixGPsRG,Unknown,4r63FhuTkUYltbVAg5TQnk,DaBaby,183853,
2PZdj7nOnrUzXrrsjdWQ5l,Up The Street,3VFolwKJSdknVtSixGPsRG,Unknown,4r63FhuTkUYltbVAg5TQnk,DaBaby,181306,
0maI5fm6TZMqBKFa9o1rqy,For The Summer,3VFolwKJSdknVtSixGPsRG,Unknown,4r63FhuTkUYltbVAg5TQnk,DaBaby,183573,
7a9hJrY3WiwSvhPFU40M9A,Tax Time,3VFolwKJSdknVtSixGPsRG,Unknown,4r63FhuTkUYltbVAg5TQnk,DaBaby,90520,
2gPETgpdbYn0QJNQzP300Y,Gorilla Glue,7AxqNUoDXf4fce7XM1lgDf,Unknown,4r63FhuTkUYltbVAg5TQnk,DaBaby,103534,
72mCea18JJPML1nhCD7yln,Number 2,7AxqNUoDXf4fce7XM1lgDf,Unknown,4r63FhuTkUYltbVAg5TQnk,DaBaby,102119,
6RModn7Imes5N9srY2KmO0,Webbie,7AxqNUoDXf4fce7XM1lgDf,Unknown,4r63FhuTkUYltbVAg5TQnk,DaBaby,106174,
4vtrr7Z1CEFuXu4KA6Kv0Y,Back To Cali,7AxqNUoDXf4fce7XM1lgDf,Unknown,4r63FhuTkUYltbVAg5TQnk,DaBaby,87420,
1fyYBblbO3M51v2h1WnGSu,Mr. Clean,7AxqNUoDXf4fce7XM1lgDf,Unknown,4r63FhuTkUYltbVAg5TQnk,DaBaby,116766,
6T8MebXlq6CnAcCWp0ZATC,Above The Rim,7AxqNUoDXf4fce7XM1lgDf,Unknown,4r63FhuTkUYltbVAg5TQnk,"DaBaby, Money Man",178102,
3qwLLwu2azGlJUc1v2zsGi,Flip Phone,7AxqNUoDXf4fce7XM1lgDf,Unknown,4r63FhuTkUYltbVAg5TQnk,DaBaby,102025,
4cXh9sEsTTTIHM0WRufTeX,Fresh,7AxqNUoDXf4fce7XM1lgDf,Unknown,4r63FhuTkUYltbVAg5TQnk,DaBaby,120281,
09wasyDMpRnBGdMcIDQiz5,Switch,7AxqNUoDXf4fce7XM1lgDf,Unknown,4r63FhuTkUYltbVAg5TQnk,DaBaby,124164,
35564WGlELz0E2e7Q98yLF,No Hook,7AxqNUoDXf4fce7XM1lgDf,Unknown,4r63FhuTkUYltbVAg5TQnk,DaBaby,134610,
7vOpkk0CKBPfenylEYwYPh,Lick,7AxqNUoDXf4fce7XM1lgDf,Unknown,4r63FhuTkUYltbVAg5TQnk,DaBaby,167818,
2tW9ov0Klb0JsVVKmYRETR,Pull Up Music,7AxqNUoDXf4fce7XM1lgDf,Unknown,4r63FhuTkUYltbVAg5TQnk,DaBaby,159843,
53qYsxDcmsQBqeqy2J9QiG,Intro,6ym38F4txV7HjZIxh6wDEN,Unknown,4r63FhuTkUYltbVAg5TQnk,DaBaby,141624,
3pgT88aK6pMdlML4NJDcbS,Big Business,6ym38F4txV7HjZIxh6wDEN,Unknown,4r63FhuTkUYltbVAg5TQnk,DaBaby,157258,
319RKbGU2eMf6zx6TVg41M,Side Hoes,6ym38F4txV7HjZIxh6wDEN,Unknown,4r63FhuTkUYltbVAg5TQnk,DaBaby,206591,
4czS2TkFymLKkWB3omMcMN,Wet,6ym38F4txV7HjZIxh6wDEN,Unknown,4r63FhuTkUYltbVAg5TQnk,DaBaby,184969,
1Ccj2Uu2DccbuNnyEglQQe,Right Now,6ym38F4txV7HjZIxh6wDEN,Unknown,4r63FhuTkUYltbVAg5TQnk,DaBaby,200951,
1cX4ZpWaa850e24qa1I3mm,Big Butt,6ym38F4txV7HjZIxh6wDEN,Unknown,4r63FhuTkUYltbVAg5TQnk,DaBaby,161576,
3sbTnrYVlZcQbKMj7QGpDh,Bag Bag,6ym38F4txV7HjZIxh6wDEN,Unknown,4r63FhuTkUYltbVAg5TQnk,"DaBaby, Jayway Sosa",184579,
1qPF01k03Glhd1v11inAHq,Water,6ym38F4txV7HjZIxh6wDEN,Unknown,4r63FhuTkUYltbVAg5TQnk,DaBaby,178274,
3KCeZDGyamgwV0ql2D4Mf9,Like She Love Me,6ym38F4txV7HjZIxh6wDEN,Unknown,4r63FhuTkUYltbVAg5TQnk,DaBaby,174567,
3Fsl2wnFSRR2NeVuk4I14B,Comin Over,6ym38F4txV7HjZIxh6wDEN,Unknown,4r63FhuTkUYltbVAg5TQnk,"DaBaby, DJ Luke Nasty",221065,
4yxAK5eT7rsVPNSJSpKD21,Flavor,6ym38F4txV7HjZIxh6wDEN,Unknown,4r63FhuTkUYltbVAg5TQnk,DaBaby,185249,
64Fn8MbDJMq05zkeBMb4AA,DaBaby - Intro,5rhZIpJLJ3kEjCPk8PIa66,Unknown,4r63FhuTkUYltbVAg5TQnk,DaBaby,89559,
2zBDPryIKHU1OeMKPdAlEX,Trash Bag,5rhZIpJLJ3kEjCPk8PIa66,Unknown,4r63FhuTkUYltbVAg5TQnk,DaBaby,177416,
5bqWxgv0c7OXlWqEgbY2K7,The Wave,5rhZIpJLJ3kEjCPk8PIa66,Unknown,4r63FhuTkUYltbVAg5TQnk,DaBaby,185995,
2fpyrpSST2C9gHlLNMqZWJ,Light Show,5rhZIpJLJ3kEjCPk8PIa66,Unknown,4r63FhuTkUYltbVAg5TQnk,DaBaby,176365,
0lwoc0pdpbJkYjNqOV3jXu,Squad Goals,5rhZIpJLJ3kEjCPk8PIa66,Unknown,4r63FhuTkUYltbVAg5TQnk,DaBaby,121841,
4doI9XVBhL1MZJ7HhC6KSr,Wait Up,5rhZIpJLJ3kEjCPk8PIa66,Unknown,4r63FhuTkUYltbVAg5TQnk,DaBaby,227583,
2lnpCPpfsKFpf8yhvk4kE8,Happy,5rhZIpJLJ3kEjCPk8PIa66,Unknown,4r63FhuTkUYltbVAg5TQnk,DaBaby,181015,
51KyBefAM9vG0q8bd1l9KJ,Comin' Over,5rhZIpJLJ3kEjCPk8PIa66,Unknown,4r63FhuTkUYltbVAg5TQnk,DaBaby,202259,
4RSCMewZneqEp3rCPRuzh2,Old Friends,5rhZIpJLJ3kEjCPk8PIa66,Unknown,4r63FhuTkUYltbVAg5TQnk,DaBaby,183819,
3OKQGiASyyL9U1yRItVjmD,Who Working Harder,5rhZIpJLJ3kEjCPk8PIa66,Unknown,4r63FhuTkUYltbVAg5TQnk,DaBaby,165892,
3uJKfhaMxt2gmkCldqLh2c,Baby Jesus - Remix,5rhZIpJLJ3kEjCPk8PIa66,Unknown,4r63FhuTkUYltbVAg5TQnk,"DaBaby, Boosie Badazz",230225,
